Zeitstempel;Maschinen_ID;Vibration_mm_s;Status;Produzierte_Stueck;Fehlteile;Temperatur_C
2025-01-01 00:00:00;Maschine_01;11,35;Produktion;100;2;68,5
2025-01-01 01:00:00;Maschine_01;10,0;Produktion;92;2;65,0
2025-01-01 02:00:00;Maschine_01;12,32;Produktion;90;2;69,6
2025-01-01 03:00:00;Maschine_01;13,38;Produktion;106;2;60,0
2025-01-01 04:00:00;Maschine_01;9,36;Produktion;105;2;69,3
2025-01-01 05:00:00;Maschine_01;12,64;Produktion;101;2;66,9
2025-01-01 06:00:00;Maschine_01;16,86;Produktion;108;3;69,9
2025-01-01 07:00:00;Maschine_01;12,23;Produktion;103;2;75,1
2025-01-01 08:00:00;Maschine_01;12,12;Produktion;109;2;71,2
2025-01-01 09:00:00;Maschine_01;14,19;Produktion;97;2;63,4
2025-01-01 10:00:00;Maschine_01;14,26;Produktion;95;2;63,0
2025-01-01 11:00:00;Maschine_01;13,51;Produktion;107;2;62,1
2025-01-01 12:00:00;Maschine_01;13,35;Produktion;97;2;71,2
2025-01-01 13:00:00;Maschine_01;14,2;Produktion;105;2;78,5
2025-01-01 14:00:00;Maschine_01;13,42;Produktion;102;2;74,3
2025-01-01 15:00:00;Maschine_01;13,51;Produktion;96;2;66,2
2025-01-01 16:00:00;Maschine_01;10,21;Produktion;100;2;61,6
2025-01-01 17:00:00;Maschine_01;13,98;Produktion;94;2;64,2
2025-01-01 18:00:00;Maschine_01;13,34;Produktion;98;2;70,1
2025-01-01 19:00:00;Maschine_01;10,76;Produktion;94;2;71,6
2025-01-01 20:00:00;Maschine_01;14,24;Produktion;90;2;73,3
2025-01-01 21:00:00;Maschine_01;13,51;Produktion;94;2;67,4
2025-01-01 22:00:00;Maschine_01;15,26;Produktion;98;2;69,4
2025-01-01 23:00:00;Maschine_01;12,1;Produktion;108;2;68,8
2025-01-02 00:00:00;Maschine_01;13,18;Produktion;93;2;66,4
2025-01-02 01:00:00;Maschine_01;12,72;Produktion;100;2;69,0
2025-01-02 02:00:00;Maschine_01;15,48;Produktion;99;2;71,4
2025-01-02 03:00:00;Maschine_01;13,8;Produktion;101;2;72,4
2025-01-02 04:00:00;Maschine_01;15,1;Produktion;96;2;68,7
2025-01-02 05:00:00;Maschine_01;12,66;Produktion;109;2;69,4
2025-01-02 06:00:00;Maschine_01;11,02;Produktion;98;2;63,1
2025-01-02 07:00:00;Maschine_01;15,96;Produktion;104;3;67,6
2025-01-02 08:00:00;Maschine_01;12,32;Produktion;109;2;65,2
2025-01-02 09:00:00;Maschine_01;13,43;Produktion;96;2;67,4
2025-01-02 10:00:00;Maschine_01;10,17;Produktion;106;2;66,9
2025-01-02 11:00:00;Maschine_01;12,38;Produktion;90;2;67,1
2025-01-02 12:00:00;Maschine_01;12,18;Produktion;95;2;65,8
2025-01-02 13:00:00;Maschine_01;14,2;Produktion;106;2;63,2
2025-01-02 14:00:00;Maschine_01;11,84;Produktion;95;2;72,9
2025-01-02 15:00:00;Maschine_01;14,87;Produktion;98;2;66,4
2025-01-02 16:00:00;Maschine_01;11,56;Produktion;109;2;65,0
2025-01-02 17:00:00;Maschine_01;11,4;Produktion;108;2;64,6
2025-01-02 18:00:00;Maschine_01;11,97;Produktion;97;2;66,3
2025-01-02 19:00:00;Maschine_01;13,98;Produktion;107;2;67,2
2025-01-02 20:00:00;Maschine_01;14,27;Produktion;109;3;62,9
2025-01-02 21:00:00;Maschine_01;10,64;Produktion;101;2;67,9
2025-01-02 22:00:00;Maschine_01;14,55;Produktion;98;2;68,5
2025-01-02 23:00:00;Maschine_01;15,0;Produktion;90;2;64,5
2025-01-03 00:00:00;Maschine_01;12,05;Produktion;95;2;68,3
2025-01-03 01:00:00;Maschine_01;14,35;Produktion;92;2;75,0
2025-01-03 02:00:00;Maschine_01;12,86;Produktion;98;2;59,8
2025-01-03 03:00:00;Maschine_01;11,08;Produktion;97;2;67,1
2025-01-03 04:00:00;Maschine_01;13,71;Produktion;101;2;71,5
2025-01-03 05:00:00;Maschine_01;16,48;Produktion;95;2;68,9
2025-01-03 06:00:00;Maschine_01;13,05;Produktion;91;2;69,3
2025-01-03 07:00:00;Maschine_01;15,02;Produktion;90;2;62,6
2025-01-03 08:00:00;Maschine_01;14,01;Produktion;92;2;64,4
2025-01-03 09:00:00;Maschine_01;13,05;Produktion;95;2;68,4
2025-01-03 10:00:00;Maschine_01;12,89;Produktion;92;2;70,5
2025-01-03 11:00:00;Maschine_01;11,65;Produktion;92;2;64,9
2025-01-03 12:00:00;Maschine_01;13,39;Produktion;92;2;62,7
2025-01-03 13:00:00;Maschine_01;11,75;Produktion;91;2;68,0
2025-01-03 14:00:00;Maschine_01;11,79;Produktion;97;2;63,2
2025-01-03 15:00:00;Maschine_01;14,7;Produktion;99;2;72,2
2025-01-03 16:00:00;Maschine_01;13,84;Produktion;102;2;69,8
2025-01-03 17:00:00;Maschine_01;11,3;Produktion;103;2;69,2
2025-01-03 18:00:00;Maschine_01;13,42;Produktion;91;2;68,4
2025-01-03 19:00:00;Maschine_01;13,32;Produktion;106;2;64,2
2025-01-03 20:00:00;Maschine_01;11,73;Produktion;101;2;66,0
2025-01-03 21:00:00;Maschine_01;13,0;Produktion;109;2;69,7
2025-01-03 22:00:00;Maschine_01;15,57;Produktion;105;3;65,2
2025-01-03 23:00:00;Maschine_01;13,09;Produktion;106;2;69,4
2025-01-04 00:00:00;Maschine_01;11,13;Produktion;94;2;59,3
2025-01-04 01:00:00;Maschine_01;15,77;Produktion;90;2;65,4
2025-01-04 02:00:00;Maschine_01;10,77;Produktion;97;2;65,8
2025-01-04 03:00:00;Maschine_01;13,37;Produktion;94;2;70,0
2025-01-04 04:00:00;Maschine_01;11,11;Produktion;105;2;74,6
2025-01-04 05:00:00;Maschine_01;12,08;Produktion;103;2;66,4
2025-01-04 06:00:00;Maschine_01;12,27;Produktion;94;2;71,8
2025-01-04 07:00:00;Maschine_01;15,54;Produktion;91;2;62,4
2025-01-04 08:00:00;Maschine_01;13,1;Produktion;102;2;70,6
2025-01-04 09:00:00;Maschine_01;12,79;Produktion;109;2;67,8
2025-01-04 10:00:00;Maschine_01;10,25;Produktion;90;2;72,2
2025-01-04 11:00:00;Maschine_01;13,82;Produktion;90;2;69,6
2025-01-04 12:00:00;Maschine_01;13,52;Produktion;97;2;65,2
2025-01-04 13:00:00;Maschine_01;15,43;Produktion;108;3;64,2
2025-01-04 14:00:00;Maschine_01;12,16;Produktion;102;2;66,0
2025-01-04 15:00:00;Maschine_01;13,77;Produktion;94;2;67,4
2025-01-04 16:00:00;Maschine_01;14,22;Produktion;105;2;70,3
2025-01-04 17:00:00;Maschine_01;12,54;Produktion;94;2;65,3
2025-01-04 18:00:00;Maschine_01;14,24;Produktion;92;2;63,4
2025-01-04 19:00:00;Maschine_01;15,05;Produktion;108;3;68,1
2025-01-04 20:00:00;Maschine_01;13,58;Produktion;108;2;67,2
2025-01-04 21:00:00;Maschine_01;11,82;Produktion;101;2;67,3
2025-01-04 22:00:00;Maschine_01;14,9;Produktion;105;3;63,2
2025-01-04 23:00:00;Maschine_01;12,05;Produktion;94;2;67,4
2025-01-05 00:00:00;Maschine_01;13,61;Produktion;104;2;74,4
2025-01-05 01:00:00;Maschine_01;13,74;Produktion;95;2;65,5
2025-01-05 02:00:00;Maschine_01;13,49;Produktion;107;2;65,7
2025-01-05 03:00:00;Maschine_01;10,75;Produktion;102;2;67,5
2025-01-05 04:00:00;Maschine_01;14,85;Produktion;102;2;66,1
2025-01-05 05:00:00;Maschine_01;12,12;Produktion;101;2;72,9
2025-01-05 06:00:00;Maschine_01;10,07;Produktion;96;2;73,3
2025-01-05 07:00:00;Maschine_01;10,74;Produktion;109;2;65,5
2025-01-05 08:00:00;Maschine_01;15,03;Produktion;106;3;71,1
2025-01-05 09:00:00;Maschine_01;13,21;Produktion;101;2;64,3
2025-01-05 10:00:00;Maschine_01;13,19;Produktion;105;2;69,2
2025-01-05 11:00:00;Maschine_01;13,46;Produktion;92;2;67,7
2025-01-05 12:00:00;Maschine_01;12,41;Produktion;106;2;68,4
2025-01-05 13:00:00;Maschine_01;12,47;Produktion;92;2;74,9
2025-01-05 14:00:00;Maschine_01;12,95;Produktion;97;2;71,5
2025-01-05 15:00:00;Maschine_01;13,82;Produktion;107;2;63,6
2025-01-05 16:00:00;Maschine_01;11,92;Produktion;106;2;62,0
2025-01-05 17:00:00;Maschine_01;12,15;Produktion;105;2;61,0
2025-01-05 18:00:00;Maschine_01;14,23;Produktion;107;2;73,8
2025-01-05 19:00:00;Maschine_01;11,27;Produktion;90;2;68,0
2025-01-05 20:00:00;Maschine_01;13,63;Produktion;106;2;67,7
2025-01-05 21:00:00;Maschine_01;12,95;Produktion;90;2;72,5
2025-01-05 22:00:00;Maschine_01;13,64;Produktion;92;2;75,4
2025-01-05 23:00:00;Maschine_01;15,4;Produktion;99;2;69,3
2025-01-06 00:00:00;Maschine_01;11,12;Produktion;90;2;64,7
2025-01-06 01:00:00;Maschine_01;13,33;Produktion;106;2;69,7
2025-01-06 02:00:00;Maschine_01;7,93;Produktion;107;2;65,5
2025-01-06 03:00:00;Maschine_01;13,4;Produktion;106;2;72,3
2025-01-06 04:00:00;Maschine_01;14,11;Produktion;108;2;73,3
2025-01-06 05:00:00;Maschine_01;13,5;Produktion;107;2;70,9
2025-01-06 06:00:00;Maschine_01;10,55;Produktion;91;2;72,9
2025-01-06 07:00:00;Maschine_01;13,45;Produktion;99;2;59,0
2025-01-06 08:00:00;Maschine_01;10,59;Produktion;91;2;66,9
2025-01-06 09:00:00;Maschine_01;10,86;Produktion;100;2;72,0
2025-01-06 10:00:00;Maschine_01;12,96;Produktion;105;2;67,3
2025-01-06 11:00:00;Maschine_01;11,49;Produktion;92;2;69,2
2025-01-06 12:00:00;Maschine_01;13,21;Produktion;108;2;71,9
2025-01-06 13:00:00;Maschine_01;11,92;Produktion;90;2;65,1
2025-01-06 14:00:00;Maschine_01;9,93;Produktion;106;2;69,0
2025-01-06 15:00:00;Maschine_01;16,09;Produktion;104;3;68,4
2025-01-06 16:00:00;Maschine_01;12,1;Produktion;105;2;68,3
2025-01-06 17:00:00;Maschine_01;12,98;Produktion;106;2;66,7
2025-01-06 18:00:00;Maschine_01;13,41;Produktion;103;2;67,8
2025-01-06 19:00:00;Maschine_01;10,87;Produktion;102;2;72,6
2025-01-06 20:00:00;Maschine_01;13,75;Produktion;100;2;64,6
2025-01-06 21:00:00;Maschine_01;11,69;Produktion;92;2;67,7
2025-01-06 22:00:00;Maschine_01;11,84;Produktion;99;2;66,5
2025-01-06 23:00:00;Maschine_01;14,93;Produktion;101;2;68,9
2025-01-07 00:00:00;Maschine_01;12,12;Produktion;99;2;62,7
2025-01-07 01:00:00;Maschine_01;13,16;Produktion;104;2;73,6
2025-01-07 02:00:00;Maschine_01;13,77;Produktion;101;2;74,3
2025-01-07 03:00:00;Maschine_01;12,59;Produktion;91;2;64,8
2025-01-07 04:00:00;Maschine_01;13,15;Produktion;90;2;61,1
2025-01-07 05:00:00;Maschine_01;12,86;Produktion;98;2;58,5
2025-01-01 00:00:00;Maschine_02;15,1;Produktion;109;3;71,1
2025-01-01 01:00:00;Maschine_02;16,51;Produktion;108;3;73,9
2025-01-01 02:00:00;Maschine_02;12,39;Produktion;98;2;71,1
2025-01-01 03:00:00;Maschine_02;13,31;Produktion;105;2;66,1
2025-01-01 04:00:00;Maschine_02;15,37;Produktion;92;2;65,5
2025-01-01 05:00:00;Maschine_02;11,88;Produktion;107;2;64,3
2025-01-01 06:00:00;Maschine_02;12,75;Produktion;91;2;71,7
2025-01-01 07:00:00;Maschine_02;16,55;Produktion;92;2;69,7
2025-01-01 08:00:00;Maschine_02;14,71;Produktion;101;2;69,1
2025-01-01 09:00:00;Maschine_02;16,34;Produktion;90;2;69,6
2025-01-01 10:00:00;Maschine_02;15,89;Produktion;92;2;66,3
2025-01-01 11:00:00;Maschine_02;12,96;Produktion;90;2;69,8
2025-01-01 12:00:00;Maschine_02;14,18;Produktion;108;2;69,2
2025-01-01 13:00:00;Maschine_02;16,82;Produktion;91;2;64,4
2025-01-01 14:00:00;Maschine_02;15,32;Produktion;97;2;62,4
2025-01-01 15:00:00;Maschine_02;15,53;Produktion;101;2;72,4
2025-01-01 16:00:00;Maschine_02;10,74;Produktion;109;2;66,9
2025-01-01 17:00:00;Maschine_02;12,85;Produktion;108;2;69,8
2025-01-01 18:00:00;Maschine_02;15,78;Produktion;93;2;67,7
2025-01-01 19:00:00;Maschine_02;14,87;Produktion;105;3;66,9
2025-01-01 20:00:00;Maschine_02;17,81;Produktion;100;3;63,6
2025-01-01 21:00:00;Maschine_02;14,37;Produktion;103;2;65,4
2025-01-01 22:00:00;Maschine_02;13,9;Produktion;102;2;66,6
2025-01-01 23:00:00;Maschine_02;12,68;Produktion;94;2;72,7
2025-01-02 00:00:00;Maschine_02;12,28;Produktion;91;2;69,0
2025-01-02 01:00:00;Maschine_02;16,56;Produktion;106;3;69,1
2025-01-02 02:00:00;Maschine_02;16,56;Produktion;103;3;67,9
2025-01-02 03:00:00;Maschine_02;14,58;Produktion;91;2;55,5
2025-01-02 04:00:00;Maschine_02;16,18;Produktion;106;3;60,6
2025-01-02 05:00:00;Maschine_02;14,08;Produktion;105;2;66,5
2025-01-02 06:00:00;Maschine_02;16,11;Produktion;105;3;67,7
2025-01-02 07:00:00;Maschine_02;14,78;Produktion;90;2;66,4
2025-01-02 08:00:00;Maschine_02;13,64;Produktion;96;2;69,0
2025-01-02 09:00:00;Maschine_02;16,17;Produktion;100;3;66,4
2025-01-02 10:00:00;Maschine_02;15,36;Produktion;96;2;71,0
2025-01-02 11:00:00;Maschine_02;14,79;Produktion;107;3;76,9
2025-01-02 12:00:00;Maschine_02;16,01;Produktion;92;2;74,2
2025-01-02 13:00:00;Maschine_02;14,83;Produktion;94;2;68,8
2025-01-02 14:00:00;Maschine_02;15,77;Produktion;105;3;65,8
2025-01-02 15:00:00;Maschine_02;16,13;Produktion;91;2;60,4
2025-01-02 16:00:00;Maschine_02;14,15;Produktion;103;2;67,0
2025-01-02 17:00:00;Maschine_02;14,28;Produktion;94;2;62,9
2025-01-02 18:00:00;Maschine_02;16,93;Produktion;109;3;66,7
2025-01-02 19:00:00;Maschine_02;14,03;Produktion;99;2;69,5
2025-01-02 20:00:00;Maschine_02;13,43;Produktion;101;2;65,5
2025-01-02 21:00:00;Maschine_02;15,58;Produktion;102;3;71,1
2025-01-02 22:00:00;Maschine_02;15,95;Produktion;108;3;70,4
2025-01-02 23:00:00;Maschine_02;11,34;Produktion;103;2;62,7
2025-01-03 00:00:00;Maschine_02;14,37;Produktion;98;2;67,7
2025-01-03 01:00:00;Maschine_02;15,77;Produktion;94;2;69,2
2025-01-03 02:00:00;Maschine_02;12,42;Produktion;94;2;64,5
2025-01-03 03:00:00;Maschine_02;12,4;Produktion;90;2;63,8
2025-01-03 04:00:00;Maschine_02;13,52;Produktion;105;2;75,7
2025-01-03 05:00:00;Maschine_02;13,42;Produktion;94;2;71,2
2025-01-03 06:00:00;Maschine_02;14,43;Produktion;99;2;63,2
2025-01-03 07:00:00;Maschine_02;14,32;Produktion;102;2;67,1
2025-01-03 08:00:00;Maschine_02;14,0;Produktion;101;2;72,2
2025-01-03 09:00:00;Maschine_02;14,66;Produktion;103;2;73,0
2025-01-03 10:00:00;Maschine_02;16,98;Produktion;104;3;68,4
2025-01-03 11:00:00;Maschine_02;13,82;Produktion;98;2;62,9
2025-01-03 12:00:00;Maschine_02;12,7;Produktion;93;2;67,6
2025-01-03 13:00:00;Maschine_02;14,13;Produktion;98;2;65,8
2025-01-03 14:00:00;Maschine_02;13,27;Produktion;105;2;75,1
2025-01-03 15:00:00;Maschine_02;16,26;Produktion;99;3;73,5
2025-01-03 16:00:00;Maschine_02;15,3;Produktion;92;2;68,7
2025-01-03 17:00:00;Maschine_02;15,08;Produktion;95;2;73,6
2025-01-03 18:00:00;Maschine_02;16,51;Produktion;99;3;65,7
2025-01-03 19:00:00;Maschine_02;16,03;Produktion;90;2;63,9
2025-01-03 20:00:00;Maschine_02;13,86;Produktion;98;2;63,7
2025-01-03 21:00:00;Maschine_02;13,54;Produktion;105;2;68,6
2025-01-03 22:00:00;Maschine_02;15,89;Produktion;102;3;70,2
2025-01-03 23:00:00;Maschine_02;12,44;Produktion;90;2;66,2
2025-01-04 00:00:00;Maschine_02;17,33;Produktion;92;2;69,3
2025-01-04 01:00:00;Maschine_02;17,06;Produktion;102;3;65,3
2025-01-04 02:00:00;Maschine_02;14,34;Produktion;109;3;68,4
2025-01-04 03:00:00;Maschine_02;13,13;Produktion;99;2;75,9
2025-01-04 04:00:00;Maschine_02;14,57;Produktion;93;2;65,2
2025-01-04 05:00:00;Maschine_02;14,79;Produktion;108;3;69,7
2025-01-04 06:00:00;Maschine_02;15,16;Produktion;98;2;72,4
2025-01-04 07:00:00;Maschine_02;14,75;Produktion;107;3;68,5
2025-01-04 08:00:00;Maschine_02;14,42;Produktion;109;3;70,7
2025-01-04 09:00:00;Maschine_02;15,52;Produktion;99;2;72,2
2025-01-04 10:00:00;Maschine_02;15,24;Produktion;104;3;62,1
2025-01-04 11:00:00;Maschine_02;13,73;Produktion;102;2;66,5
2025-01-04 12:00:00;Maschine_02;16,53;Produktion;100;3;68,0
2025-01-04 13:00:00;Maschine_02;14,95;Produktion;93;2;68,7
2025-01-04 14:00:00;Maschine_02;15,21;Produktion;101;2;65,0
2025-01-04 15:00:00;Maschine_02;15,7;Produktion;97;2;67,5
2025-01-04 16:00:00;Maschine_02;14,4;Produktion;91;2;68,2
2025-01-04 17:00:00;Maschine_02;13,98;Produktion;91;2;69,6
2025-01-04 18:00:00;Maschine_02;14,18;Produktion;102;2;66,4
2025-01-04 19:00:00;Maschine_02;10,0;Produktion;92;2;66,3
2025-01-04 20:00:00;Maschine_02;13,78;Produktion;104;2;70,5
2025-01-04 21:00:00;Maschine_02;11,69;Produktion;109;2;66,0
2025-01-04 22:00:00;Maschine_02;17,56;Produktion;106;3;65,6
2025-01-04 23:00:00;Maschine_02;13,65;Produktion;105;2;70,2
2025-01-05 00:00:00;Maschine_02;15,98;Produktion;105;3;63,9
2025-01-05 01:00:00;Maschine_02;11,9;Produktion;98;2;68,7
2025-01-05 02:00:00;Maschine_02;15,91;Produktion;102;3;69,0
2025-01-05 03:00:00;Maschine_02;14,48;Produktion;99;2;65,9
2025-01-05 04:00:00;Maschine_02;11,76;Produktion;100;2;66,8
2025-01-05 05:00:00;Maschine_02;15,05;Produktion;95;2;73,0
2025-01-05 06:00:00;Maschine_02;14,72;Produktion;103;2;67,9
2025-01-05 07:00:00;Maschine_02;16,33;Produktion;108;3;82,8
2025-01-05 08:00:00;Maschine_02;14,98;Produktion;93;2;70,8
2025-01-05 09:00:00;Maschine_02;14,16;Produktion;95;2;66,6
2025-01-05 10:00:00;Maschine_02;17,84;Produktion;99;3;67,6
2025-01-05 11:00:00;Maschine_02;14,18;Produktion;90;2;70,0
2025-01-05 12:00:00;Maschine_02;16,0;Produktion;101;3;73,6
2025-01-05 13:00:00;Maschine_02;15,98;Produktion;95;2;72,0
2025-01-05 14:00:00;Maschine_02;12,05;Produktion;96;2;68,4
2025-01-05 15:00:00;Maschine_02;15,52;Produktion;106;3;70,2
2025-01-05 16:00:00;Maschine_02;13,3;Produktion;101;2;73,6
2025-01-05 17:00:00;Maschine_02;14,14;Produktion;107;2;61,5
2025-01-05 18:00:00;Maschine_02;13,73;Produktion;100;2;64,7
2025-01-05 19:00:00;Maschine_02;15,93;Produktion;100;2;68,6
2025-01-05 20:00:00;Maschine_02;13,76;Produktion;109;2;57,7
2025-01-05 21:00:00;Maschine_02;17,71;Produktion;97;3;68,8
2025-01-05 22:00:00;Maschine_02;14,2;Produktion;106;2;74,3
2025-01-05 23:00:00;Maschine_02;13,36;Produktion;109;2;72,7
2025-01-06 00:00:00;Maschine_02;14,7;Produktion;101;2;66,8
2025-01-06 01:00:00;Maschine_02;14,12;Produktion;101;2;65,4
2025-01-06 02:00:00;Maschine_02;16,09;Produktion;105;3;73,5
2025-01-06 03:00:00;Maschine_02;13,73;Produktion;90;2;63,7
2025-01-06 04:00:00;Maschine_02;13,24;Produktion;101;2;58,9
2025-01-06 05:00:00;Maschine_02;14,89;Produktion;106;3;69,1
2025-01-06 06:00:00;Maschine_02;16,47;Produktion;107;3;64,7
2025-01-06 07:00:00;Maschine_02;15,04;Produktion;103;2;66,5
2025-01-06 08:00:00;Maschine_02;11,92;Produktion;99;2;63,0
2025-01-06 09:00:00;Maschine_02;16,76;Produktion;96;2;67,6
2025-01-06 10:00:00;Maschine_02;14,03;Produktion;92;2;63,3
2025-01-06 11:00:00;Maschine_02;14,46;Produktion;102;2;67,4
2025-01-06 12:00:00;Maschine_02;15,0;Produktion;109;3;74,4
2025-01-06 13:00:00;Maschine_02;11,28;Produktion;97;2;73,7
2025-01-06 14:00:00;Maschine_02;17,77;Produktion;93;2;70,7
2025-01-06 15:00:00;Maschine_02;15,58;Produktion;107;3;71,6
2025-01-06 16:00:00;Maschine_02;16,84;Produktion;98;3;71,5
2025-01-06 17:00:00;Maschine_02;16,53;Produktion;102;3;69,6
2025-01-06 18:00:00;Maschine_02;16,77;Produktion;92;2;67,6
2025-01-06 19:00:00;Maschine_02;14,99;Produktion;102;2;75,2
2025-01-06 20:00:00;Maschine_02;13,91;Produktion;90;2;63,5
2025-01-06 21:00:00;Maschine_02;10,42;Produktion;105;2;56,4
2025-01-06 22:00:00;Maschine_02;13,84;Produktion;101;2;64,0
2025-01-06 23:00:00;Maschine_02;16,18;Produktion;109;3;67,7
2025-01-07 00:00:00;Maschine_02;13,23;Produktion;90;2;64,2
2025-01-07 01:00:00;Maschine_02;14,79;Produktion;97;2;76,9
2025-01-07 02:00:00;Maschine_02;15,83;Produktion;99;2;68,1
2025-01-07 03:00:00;Maschine_02;16,12;Produktion;108;3;69,0
2025-01-07 04:00:00;Maschine_02;14,3;Produktion;92;2;67,4
2025-01-07 05:00:00;Maschine_02;12,14;Produktion;98;2;68,1
2025-01-01 00:00:00;Maschine_03;22,5;Produktion;98;3;73,6
2025-01-01 01:00:00;Maschine_03;20,0;Produktion;99;3;72,1
2025-01-01 02:00:00;Maschine_03;18,31;Produktion;106;3;72,4
2025-01-01 03:00:00;Maschine_03;17,13;Produktion;94;2;71,7
2025-01-01 04:00:00;Maschine_03;17,71;Produktion;99;3;74,4
2025-01-01 05:00:00;Maschine_03;16,82;Produktion;94;2;65,9
2025-01-01 06:00:00;Maschine_03;18,97;Produktion;103;3;64,3
2025-01-01 07:00:00;Maschine_03;16,47;Produktion;97;2;66,3
2025-01-01 08:00:00;Maschine_03;19,14;Produktion;100;3;70,3
2025-01-01 09:00:00;Maschine_03;18,15;Produktion;109;3;70,2
2025-01-01 10:00:00;Maschine_03;18,17;Produktion;100;3;67,3
2025-01-01 11:00:00;Maschine_03;18,57;Produktion;102;3;63,5
2025-01-01 12:00:00;Maschine_03;20,29;Produktion;98;3;70,6
2025-01-01 13:00:00;Maschine_03;17,25;Produktion;93;2;62,5
2025-01-01 14:00:00;Maschine_03;17,18;Produktion;100;3;69,3
2025-01-01 15:00:00;Maschine_03;16,74;Produktion;98;3;65,3
2025-01-01 16:00:00;Maschine_03;17,64;Produktion;105;3;73,6
2025-01-01 17:00:00;Maschine_03;17,42;Produktion;107;3;67,4
2025-01-01 18:00:00;Maschine_03;18,85;Produktion;103;3;67,2
2025-01-01 19:00:00;Maschine_03;16,07;Produktion;92;2;72,4
2025-01-01 20:00:00;Maschine_03;16,44;Produktion;97;2;76,9
2025-01-01 21:00:00;Maschine_03;16,73;Produktion;93;2;66,5
2025-01-01 22:00:00;Maschine_03;17,79;Produktion;100;3;74,0
2025-01-01 23:00:00;Maschine_03;20,41;Produktion;103;3;72,6
2025-01-02 00:00:00;Maschine_03;17,36;Produktion;93;2;67,0
2025-01-02 01:00:00;Maschine_03;18,29;Produktion;103;3;66,0
2025-01-02 02:00:00;Maschine_03;15,61;Produktion;94;2;68,3
2025-01-02 03:00:00;Maschine_03;17,42;Produktion;107;3;70,8
2025-01-02 04:00:00;Maschine_03;18,59;Produktion;109;3;73,6
2025-01-02 05:00:00;Maschine_03;18,2;Produktion;97;3;64,8
2025-01-02 06:00:00;Maschine_03;19,73;Produktion;95;3;67,6
2025-01-02 07:00:00;Maschine_03;16,91;Produktion;95;2;73,3
2025-01-02 08:00:00;Maschine_03;17,45;Produktion;102;3;66,8
2025-01-02 09:00:00;Maschine_03;16,65;Produktion;104;3;72,0
2025-01-02 10:00:00;Maschine_03;16,36;Produktion;106;3;76,1
2025-01-02 11:00:00;Maschine_03;16,83;Produktion;108;3;66,9
2025-01-02 12:00:00;Maschine_03;19,47;Produktion;96;3;72,6
2025-01-02 13:00:00;Maschine_03;17,35;Produktion;102;3;73,8
2025-01-02 14:00:00;Maschine_03;21,11;Produktion;108;3;71,7
2025-01-02 15:00:00;Maschine_03;18,25;Produktion;99;3;65,1
2025-01-02 16:00:00;Maschine_03;17,15;Produktion;94;2;65,5
2025-01-02 17:00:00;Maschine_03;17,57;Produktion;96;3;60,6
2025-01-02 18:00:00;Maschine_03;17,7;Produktion;90;2;69,5
2025-01-02 19:00:00;Maschine_03;17,02;Produktion;94;2;71,1
2025-01-02 20:00:00;Maschine_03;18,3;Produktion;109;3;69,9
2025-01-02 21:00:00;Maschine_03;14,96;Produktion;103;2;69,4
2025-01-02 22:00:00;Maschine_03;18,83;Produktion;93;3;62,2
2025-01-02 23:00:00;Maschine_03;17,27;Produktion;91;2;76,9
2025-01-03 00:00:00;Maschine_03;17,17;Produktion;91;2;70,3
2025-01-03 01:00:00;Maschine_03;19,16;Produktion;102;3;74,2
2025-01-03 02:00:00;Maschine_03;15,25;Produktion;101;2;70,4
2025-01-03 03:00:00;Maschine_03;19,52;Produktion;97;3;68,6
2025-01-03 04:00:00;Maschine_03;18,7;Produktion;99;3;66,5
2025-01-03 05:00:00;Maschine_03;17,01;Produktion;92;2;66,8
2025-01-03 06:00:00;Maschine_03;14,39;Produktion;100;2;62,6
2025-01-03 07:00:00;Maschine_03;17,34;Produktion;97;3;65,7
2025-01-03 08:00:00;Maschine_03;17,8;Produktion;108;3;69,2
2025-01-03 09:00:00;Maschine_03;16,77;Produktion;108;3;71,9
2025-01-03 10:00:00;Maschine_03;17,69;Produktion;104;3;68,5
2025-01-03 11:00:00;Maschine_03;18,44;Produktion;100;3;67,9
2025-01-03 12:00:00;Maschine_03;16,97;Produktion;95;2;68,4
2025-01-03 13:00:00;Maschine_03;18,78;Produktion;99;3;65,2
2025-01-03 14:00:00;Maschine_03;19,6;Produktion;105;3;71,8
2025-01-03 15:00:00;Maschine_03;15,52;Produktion;109;3;71,9
2025-01-03 16:00:00;Maschine_03;16,15;Produktion;103;3;71,4
2025-01-03 17:00:00;Maschine_03;17,97;Produktion;90;2;72,9
2025-01-03 18:00:00;Maschine_03;17,71;Produktion;95;3;73,0
2025-01-03 19:00:00;Maschine_03;17,86;Produktion;104;3;60,5
2025-01-03 20:00:00;Maschine_03;20,24;Produktion;106;3;74,8
2025-01-03 21:00:00;Maschine_03;18,44;Produktion;95;3;63,7
2025-01-03 22:00:00;Maschine_03;20,24;Produktion;106;3;67,6
2025-01-03 23:00:00;Maschine_03;18,85;Produktion;95;3;71,6
2025-01-04 00:00:00;Maschine_03;18,81;Produktion;102;3;67,7
2025-01-04 01:00:00;Maschine_03;16,41;Produktion;96;2;62,5
2025-01-04 02:00:00;Maschine_03;18,6;Produktion;104;3;65,5
2025-01-04 03:00:00;Maschine_03;18,85;Produktion;94;3;63,2
2025-01-04 04:00:00;Maschine_03;17,17;Produktion;93;2;68,9
2025-01-04 05:00:00;Maschine_03;17,77;Produktion;109;3;65,2
2025-01-04 06:00:00;Maschine_03;19,3;Produktion;100;3;68,0
2025-01-04 07:00:00;Maschine_03;17,55;Produktion;105;3;74,2
2025-01-04 08:00:00;Maschine_03;15,91;Produktion;98;2;69,3
2025-01-04 09:00:00;Maschine_03;19,0;Produktion;93;3;69,9
2025-01-04 10:00:00;Maschine_03;19,58;Produktion;105;3;66,0
2025-01-04 11:00:00;Maschine_03;17,38;Produktion;95;3;71,7
2025-01-04 12:00:00;Maschine_03;18,56;Produktion;104;3;71,7
2025-01-04 13:00:00;Maschine_03;16,97;Produktion;109;3;70,6
2025-01-04 14:00:00;Maschine_03;18,49;Produktion;96;3;73,4
2025-01-04 15:00:00;Maschine_03;19,17;Produktion;90;3;65,4
2025-01-04 16:00:00;Maschine_03;16,28;Produktion;108;3;64,2
2025-01-04 17:00:00;Maschine_03;19,94;Produktion;96;3;72,8
2025-01-04 18:00:00;Maschine_03;18,39;Produktion;100;3;71,2
2025-01-04 19:00:00;Maschine_03;16,37;Produktion;108;3;74,8
2025-01-04 20:00:00;Maschine_03;20,86;Produktion;101;3;69,8
2025-01-04 21:00:00;Maschine_03;17,71;Produktion;101;3;68,9
2025-01-04 22:00:00;Maschine_03;18,17;Produktion;105;3;77,1
2025-01-04 23:00:00;Maschine_03;18,85;Produktion;99;3;73,3
2025-01-05 00:00:00;Maschine_03;19,99;Produktion;92;3;73,7
2025-01-05 01:00:00;Maschine_03;16,58;Produktion;90;2;67,5
2025-01-05 02:00:00;Maschine_03;16,75;Produktion;100;3;68,1
2025-01-05 03:00:00;Maschine_03;17,83;Produktion;104;3;73,8
2025-01-05 04:00:00;Maschine_03;19,14;Produktion;102;3;63,2
2025-01-05 05:00:00;Maschine_03;15,82;Produktion;107;3;65,0
2025-01-05 06:00:00;Maschine_03;16,28;Produktion;105;3;65,3
2025-01-05 07:00:00;Maschine_03;20,01;Produktion;93;3;65,1
2025-01-05 08:00:00;Maschine_03;17,19;Produktion;99;3;62,7
2025-01-05 09:00:00;Maschine_03;15,83;Produktion;91;2;72,1
2025-01-05 10:00:00;Maschine_03;19,2;Produktion;90;3;68,2
2025-01-05 11:00:00;Maschine_03;17,1;Produktion;107;3;66,1
2025-01-05 12:00:00;Maschine_03;17,16;Produktion;90;2;65,3
2025-01-05 13:00:00;Maschine_03;17,4;Produktion;101;3;67,3
2025-01-05 14:00:00;Maschine_03;17,11;Produktion;109;3;71,7
2025-01-05 15:00:00;Maschine_03;19,94;Produktion;109;3;72,1
2025-01-05 16:00:00;Maschine_03;17,25;Produktion;93;2;67,2
2025-01-05 17:00:00;Maschine_03;17,12;Produktion;100;3;71,6
2025-01-05 18:00:00;Maschine_03;17,52;Produktion;94;2;65,4
2025-01-05 19:00:00;Maschine_03;17,08;Produktion;100;3;68,7
2025-01-05 20:00:00;Maschine_03;19,87;Produktion;106;3;64,2
2025-01-05 21:00:00;Maschine_03;16,54;Produktion;92;2;67,3
2025-01-05 22:00:00;Maschine_03;17,85;Produktion;107;3;69,5
2025-01-05 23:00:00;Maschine_03;17,62;Produktion;103;3;73,1
2025-01-06 00:00:00;Maschine_03;16,1;Produktion;97;2;70,7
2025-01-06 01:00:00;Maschine_03;16,69;Produktion;102;3;65,6
2025-01-06 02:00:00;Maschine_03;19,45;Produktion;96;3;72,6
2025-01-06 03:00:00;Maschine_03;16,78;Produktion;108;3;70,0
2025-01-06 04:00:00;Maschine_03;17,9;Produktion;108;3;70,2
2025-01-06 05:00:00;Maschine_03;16,94;Produktion;96;2;72,2
2025-01-06 06:00:00;Maschine_03;19,22;Produktion;106;3;67,5
2025-01-06 07:00:00;Maschine_03;16,36;Produktion;102;3;68,9
2025-01-06 08:00:00;Maschine_03;20,29;Produktion;108;3;62,7
2025-01-06 09:00:00;Maschine_03;15,16;Produktion;90;2;66,1
2025-01-06 10:00:00;Maschine_03;18,68;Produktion;105;3;70,7
2025-01-06 11:00:00;Maschine_03;18,47;Produktion;92;3;58,9
2025-01-06 12:00:00;Maschine_03;14,0;Produktion;95;2;75,4
2025-01-06 13:00:00;Maschine_03;18,83;Produktion;97;3;68,3
2025-01-06 14:00:00;Maschine_03;15,15;Produktion;95;2;68,1
2025-01-06 15:00:00;Maschine_03;16,85;Produktion;102;3;66,0
2025-01-06 16:00:00;Maschine_03;16,09;Produktion;104;3;68,0
2025-01-06 17:00:00;Maschine_03;17,42;Produktion;100;3;70,2
2025-01-06 18:00:00;Maschine_03;18,51;Produktion;108;3;60,4
2025-01-06 19:00:00;Maschine_03;15,86;Produktion;107;3;70,4
2025-01-06 20:00:00;Maschine_03;17,16;Produktion;103;3;69,6
2025-01-06 21:00:00;Maschine_03;15,86;Produktion;104;3;62,5
2025-01-06 22:00:00;Maschine_03;18,01;Produktion;101;3;71,3
2025-01-06 23:00:00;Maschine_03;20,4;Produktion;106;3;69,6
2025-01-07 00:00:00;Maschine_03;19,8;Produktion;109;3;64,3
2025-01-07 01:00:00;Maschine_03;18,95;Produktion;106;3;64,7
2025-01-07 02:00:00;Maschine_03;16,96;Produktion;109;3;71,3
2025-01-07 03:00:00;Maschine_03;15,99;Produktion;108;3;71,7
2025-01-07 04:00:00;Maschine_03;18,18;Produktion;102;3;61,4
2025-01-07 05:00:00;Maschine_03;18,94;Produktion;96;3;75,6
2025-01-01 00:00:00;Maschine_04;10,27;Produktion;104;2;66,9
2025-01-01 01:00:00;Maschine_04;11,33;Produktion;105;2;69,3
2025-01-01 02:00:00;Maschine_04;12,95;Produktion;104;2;67,4
2025-01-01 03:00:00;Maschine_04;12,64;Produktion;103;2;63,7
2025-01-01 04:00:00;Maschine_04;10,9;Produktion;99;2;71,5
2025-01-01 05:00:00;Maschine_04;10,05;Produktion;100;2;60,6
2025-01-01 06:00:00;Maschine_04;10,11;Produktion;97;2;61,8
2025-01-01 07:00:00;Maschine_04;11,39;Produktion;91;2;64,0
2025-01-01 08:00:00;Maschine_04;13,57;Produktion;100;2;68,5
2025-01-01 09:00:00;Maschine_04;12,77;Produktion;104;2;78,1
2025-01-01 10:00:00;Maschine_04;8,95;Produktion;94;1;63,2
2025-01-01 11:00:00;Maschine_04;12,09;Produktion;93;2;68,2
2025-01-01 12:00:00;Maschine_04;13,3;Produktion;107;2;66,0
2025-01-01 13:00:00;Maschine_04;9,77;Produktion;107;2;68,2
2025-01-01 14:00:00;Maschine_04;9,91;Produktion;102;2;68,4
2025-01-01 15:00:00;Maschine_04;12,43;Produktion;105;2;70,7
2025-01-01 16:00:00;Maschine_04;9,63;Produktion;106;2;66,6
2025-01-01 17:00:00;Maschine_04;12,16;Produktion;97;2;76,3
2025-01-01 18:00:00;Maschine_04;14,07;Produktion;103;2;60,6
2025-01-01 19:00:00;Maschine_04;11,73;Produktion;104;2;71,6
2025-01-01 20:00:00;Maschine_04;11,97;Produktion;97;2;72,1
2025-01-01 21:00:00;Maschine_04;11,4;Produktion;104;2;62,1
2025-01-01 22:00:00;Maschine_04;13,96;Produktion;94;2;68,1
2025-01-01 23:00:00;Maschine_04;10,5;Produktion;103;2;68,5
2025-01-02 00:00:00;Maschine_04;11,91;Produktion;93;2;64,7
2025-01-02 01:00:00;Maschine_04;10,27;Produktion;90;2;64,7
2025-01-02 02:00:00;Maschine_04;13,74;Produktion;104;2;59,6
2025-01-02 03:00:00;Maschine_04;10,54;Produktion;91;2;62,8
2025-01-02 04:00:00;Maschine_04;12,22;Produktion;92;2;76,3
2025-01-02 05:00:00;Maschine_04;11,43;Produktion;100;2;71,3
2025-01-02 06:00:00;Maschine_04;14,25;Produktion;108;3;72,8
2025-01-02 07:00:00;Maschine_04;12,23;Produktion;94;2;71,4
2025-01-02 08:00:00;Maschine_04;12,99;Produktion;101;2;66,5
2025-01-02 09:00:00;Maschine_04;13,48;Produktion;97;2;70,7
2025-01-02 10:00:00;Maschine_04;9,55;Produktion;104;2;63,3
2025-01-02 11:00:00;Maschine_04;12,15;Produktion;101;2;69,8
2025-01-02 12:00:00;Maschine_04;12,24;Produktion;93;2;63,7
2025-01-02 13:00:00;Maschine_04;13,98;Produktion;98;2;64,7
2025-01-02 14:00:00;Maschine_04;12,43;Produktion;105;2;64,0
2025-01-02 15:00:00;Maschine_04;10,92;Produktion;94;2;72,3
2025-01-02 16:00:00;Maschine_04;10,79;Produktion;95;2;64,8
2025-01-02 17:00:00;Maschine_04;11,79;Produktion;99;2;61,5
2025-01-02 18:00:00;Maschine_04;10,57;Produktion;96;2;66,4
2025-01-02 19:00:00;Maschine_04;12,0;Produktion;105;2;63,4
2025-01-02 20:00:00;Maschine_04;11,6;Produktion;106;2;61,9
2025-01-02 21:00:00;Maschine_04;10,8;Produktion;108;2;62,0
2025-01-02 22:00:00;Maschine_04;13,32;Produktion;109;2;70,1
2025-01-02 23:00:00;Maschine_04;12,73;Produktion;109;2;65,3
2025-01-03 00:00:00;Maschine_04;12,45;Produktion;102;2;64,5
2025-01-03 01:00:00;Maschine_04;11,38;Produktion;108;2;62,5
2025-01-03 02:00:00;Maschine_04;13,21;Stillstand;0;0;61,9
2025-01-03 03:00:00;Maschine_04;12,59;Produktion;91;2;71,2
2025-01-03 04:00:00;Maschine_04;13,41;Produktion;104;2;71,1
2025-01-03 05:00:00;Maschine_04;10,71;Produktion;95;2;67,3
2025-01-03 06:00:00;Maschine_04;11,99;Produktion;94;2;69,5
2025-01-03 07:00:00;Maschine_04;9,57;Produktion;109;2;63,9
2025-01-03 08:00:00;Maschine_04;9,89;Produktion;104;2;71,5
2025-01-03 09:00:00;Maschine_04;13,58;Produktion;99;2;69,2
2025-01-03 10:00:00;Maschine_04;11,56;Produktion;104;2;67,6
2025-01-03 11:00:00;Maschine_04;12,23;Produktion;103;2;67,5
2025-01-03 12:00:00;Maschine_04;12,09;Produktion;100;2;62,7
2025-01-03 13:00:00;Maschine_04;12,35;Produktion;106;2;72,0
2025-01-03 14:00:00;Maschine_04;10,38;Produktion;107;2;67,1
2025-01-03 15:00:00;Maschine_04;9,94;Produktion;96;2;60,0
2025-01-03 16:00:00;Maschine_04;8,57;Produktion;96;1;62,8
2025-01-03 17:00:00;Maschine_04;9,67;Produktion;96;2;77,8
2025-01-03 18:00:00;Maschine_04;9,57;Produktion;105;2;68,1
2025-01-03 19:00:00;Maschine_04;13,58;Produktion;91;2;60,7
2025-01-03 20:00:00;Maschine_04;10,71;Produktion;108;2;63,7
2025-01-03 21:00:00;Maschine_04;12,76;Produktion;97;2;71,4
2025-01-03 22:00:00;Maschine_04;13,0;Produktion;92;2;71,0
2025-01-03 23:00:00;Maschine_04;10,72;Produktion;105;2;72,9
2025-01-04 00:00:00;Maschine_04;11,9;Produktion;97;2;68,3
2025-01-04 01:00:00;Maschine_04;10,74;Produktion;96;2;71,9
2025-01-04 02:00:00;Maschine_04;12,05;Produktion;106;2;69,9
2025-01-04 03:00:00;Maschine_04;13,39;Produktion;92;2;66,5
2025-01-04 04:00:00;Maschine_04;10,95;Produktion;93;2;68,2
2025-01-04 05:00:00;Maschine_04;12,84;Produktion;99;2;63,1
2025-01-04 06:00:00;Maschine_04;9,49;Produktion;93;2;69,9
2025-01-04 07:00:00;Maschine_04;12,48;Produktion;108;2;64,1
2025-01-04 08:00:00;Maschine_04;15,56;Produktion;98;2;68,1
2025-01-04 09:00:00;Maschine_04;10,12;Produktion;108;2;55,8
2025-01-04 10:00:00;Maschine_04;13,29;Produktion;93;2;68,2
2025-01-04 11:00:00;Maschine_04;9,22;Produktion;101;2;71,0
2025-01-04 12:00:00;Maschine_04;11,29;Produktion;108;2;68,5
2025-01-04 13:00:00;Maschine_04;13,62;Produktion;104;2;65,7
2025-01-04 14:00:00;Maschine_04;10,9;Produktion;93;2;65,2
2025-01-04 15:00:00;Maschine_04;13,05;Produktion;105;2;69,8
2025-01-04 16:00:00;Maschine_04;9,9;Produktion;95;2;66,7
2025-01-04 17:00:00;Maschine_04;12,35;Produktion;108;2;71,9
2025-01-04 18:00:00;Maschine_04;8,57;Produktion;103;2;69,2
2025-01-04 19:00:00;Maschine_04;10,33;Produktion;100;2;71,7
2025-01-04 20:00:00;Maschine_04;12,3;Produktion;104;2;65,0
2025-01-04 21:00:00;Maschine_04;8,84;Produktion;105;2;58,4
2025-01-04 22:00:00;Maschine_04;9,09;Produktion;92;1;68,9
2025-01-04 23:00:00;Maschine_04;13,06;Produktion;103;2;64,1
2025-01-05 00:00:00;Maschine_04;10,34;Produktion;108;2;61,9
2025-01-05 01:00:00;Maschine_04;9,11;Produktion;95;2;67,3
2025-01-05 02:00:00;Maschine_04;11,8;Produktion;92;2;69,0
2025-01-05 03:00:00;Maschine_04;12,57;Produktion;92;2;64,3
2025-01-05 04:00:00;Maschine_04;9,06;Produktion;109;2;68,4
2025-01-05 05:00:00;Maschine_04;11,9;Produktion;108;2;69,6
2025-01-05 06:00:00;Maschine_04;11,23;Produktion;108;2;71,6
2025-01-05 07:00:00;Maschine_04;11,12;Produktion;94;2;70,8
2025-01-05 08:00:00;Maschine_04;13,64;Produktion;101;2;68,7
2025-01-05 09:00:00;Maschine_04;12,16;Produktion;107;2;66,1
2025-01-05 10:00:00;Maschine_04;11,28;Produktion;93;2;59,2
2025-01-05 11:00:00;Maschine_04;9,23;Produktion;97;2;64,4
2025-01-05 12:00:00;Maschine_04;11,43;Produktion;94;2;70,5
2025-01-05 13:00:00;Maschine_04;13,14;Produktion;109;2;67,5
2025-01-05 14:00:00;Maschine_04;9,88;Produktion;97;2;71,7
2025-01-05 15:00:00;Maschine_04;13,53;Produktion;108;2;62,7
2025-01-05 16:00:00;Maschine_04;9,76;Produktion;94;2;60,0
2025-01-05 17:00:00;Maschine_04;14,09;Produktion;96;2;67,5
2025-01-05 18:00:00;Maschine_04;11,77;Produktion;105;2;64,6
2025-01-05 19:00:00;Maschine_04;10,81;Produktion;92;2;62,6
2025-01-05 20:00:00;Maschine_04;11,78;Produktion;107;2;62,9
2025-01-05 21:00:00;Maschine_04;10,87;Produktion;102;2;63,4
2025-01-05 22:00:00;Maschine_04;11,68;Produktion;100;2;67,9
2025-01-05 23:00:00;Maschine_04;8,12;Produktion;100;2;60,0
2025-01-06 00:00:00;Maschine_04;9,31;Produktion;101;2;74,1
2025-01-06 01:00:00;Maschine_04;11,78;Produktion;91;2;67,8
2025-01-06 02:00:00;Maschine_04;9,75;Produktion;106;2;71,3
2025-01-06 03:00:00;Maschine_04;10,38;Produktion;95;2;72,5
2025-01-06 04:00:00;Maschine_04;11,8;Produktion;102;2;59,0
2025-01-06 05:00:00;Maschine_04;13,25;Produktion;105;2;69,4
2025-01-06 06:00:00;Maschine_04;10,71;Produktion;97;2;65,1
2025-01-06 07:00:00;Maschine_04;12,84;Produktion;98;2;66,0
2025-01-06 08:00:00;Maschine_04;13,95;Produktion;99;2;69,6
2025-01-06 09:00:00;Maschine_04;11,14;Produktion;100;2;
2025-01-06 10:00:00;Maschine_04;13,72;Produktion;92;2;64,0
2025-01-06 11:00:00;Maschine_04;10,38;Produktion;95;2;65,7
2025-01-06 12:00:00;Maschine_04;11,06;Produktion;92;2;56,7
2025-01-06 13:00:00;Maschine_04;11,79;Produktion;102;2;70,5
2025-01-06 14:00:00;Maschine_04;11,88;Produktion;107;2;64,9
2025-01-06 15:00:00;Maschine_04;13,51;Produktion;104;2;59,4
2025-01-06 16:00:00;Maschine_04;15,59;Produktion;99;2;69,3
2025-01-06 17:00:00;Maschine_04;13,35;Produktion;93;2;73,7
2025-01-06 18:00:00;Maschine_04;10,63;Produktion;100;2;68,0
2025-01-06 19:00:00;Maschine_04;11,99;Produktion;94;2;73,1
2025-01-06 20:00:00;Maschine_04;13,1;Produktion;109;2;68,9
2025-01-06 21:00:00;Maschine_04;11,95;Produktion;93;2;62,1
2025-01-06 22:00:00;Maschine_04;10,64;Produktion;91;2;76,0
2025-01-06 23:00:00;Maschine_04;12,01;Produktion;109;2;76,0
2025-01-07 00:00:00;Maschine_04;10,52;Produktion;103;2;60,3
2025-01-07 01:00:00;Maschine_04;9,5;Produktion;101;2;63,8
2025-01-07 02:00:00;Maschine_04;12,92;Produktion;93;2;70,8
2025-01-07 03:00:00;Maschine_04;9,92;Produktion;104;2;67,0
2025-01-07 04:00:00;Maschine_04;11,0;Produktion;106;2;68,0
2025-01-07 05:00:00;Maschine_04;11,76;Produktion;94;2;72,0
2025-01-01 00:00:00;Maschine_05;14,28;Produktion;96;2;70,2
2025-01-01 01:00:00;Maschine_05;15,83;Produktion;96;2;72,5
2025-01-01 02:00:00;Maschine_05;13,67;Produktion;100;2;66,5
2025-01-01 03:00:00;Maschine_05;15,52;Produktion;94;2;71,0
2025-01-01 04:00:00;Maschine_05;14,96;Produktion;102;2;73,4
2025-01-01 05:00:00;Maschine_05;14,87;Produktion;101;2;73,0
2025-01-01 06:00:00;Maschine_05;15,3;Produktion;109;3;67,1
2025-01-01 07:00:00;Maschine_05;12,61;Produktion;99;2;62,4
2025-01-01 08:00:00;Maschine_05;13,64;Produktion;92;2;72,4
2025-01-01 09:00:00;Maschine_05;15,12;Produktion;93;2;68,6
2025-01-01 10:00:00;Maschine_05;16,4;Produktion;91;2;69,6
2025-01-01 11:00:00;Maschine_05;14,17;Produktion;100;2;68,2
2025-01-01 12:00:00;Maschine_05;14,12;Produktion;108;2;78,5
2025-01-01 13:00:00;Maschine_05;12,54;Produktion;90;2;67,8
2025-01-01 14:00:00;Maschine_05;10,24;Produktion;99;2;72,1
2025-01-01 15:00:00;Maschine_05;13,55;Produktion;102;2;63,2
2025-01-01 16:00:00;Maschine_05;13,93;Produktion;109;2;68,2
2025-01-01 17:00:00;Maschine_05;13,62;Produktion;109;2;69,5
2025-01-01 18:00:00;Maschine_05;13,57;Produktion;100;2;61,8
2025-01-01 19:00:00;Maschine_05;13,43;Produktion;92;2;65,9
2025-01-01 20:00:00;Maschine_05;15,19;Produktion;95;2;66,3
2025-01-01 21:00:00;Maschine_05;15,22;Produktion;101;2;67,1
2025-01-01 22:00:00;Maschine_05;15,6;Produktion;106;3;73,8
2025-01-01 23:00:00;Maschine_05;12,23;Produktion;108;2;66,3
2025-01-02 00:00:00;Maschine_05;14,41;Produktion;92;2;60,7
2025-01-02 01:00:00;Maschine_05;14,45;Produktion;102;2;81,3
2025-01-02 02:00:00;Maschine_05;18,0;Produktion;109;3;69,9
2025-01-02 03:00:00;Maschine_05;14,8;Produktion;102;2;68,4
2025-01-02 04:00:00;Maschine_05;14,5;Produktion;103;2;68,1
2025-01-02 05:00:00;Maschine_05;17,38;Produktion;102;3;73,6
2025-01-02 06:00:00;Maschine_05;14,35;Produktion;96;2;70,3
2025-01-02 07:00:00;Maschine_05;16,13;Produktion;102;3;66,6
2025-01-02 08:00:00;Maschine_05;14,27;Produktion;95;2;65,4
2025-01-02 09:00:00;Maschine_05;14,29;Produktion;93;2;66,3
2025-01-02 10:00:00;Maschine_05;14,72;Produktion;107;3;68,4
2025-01-02 11:00:00;Maschine_05;13,61;Produktion;107;2;75,0
2025-01-02 12:00:00;Maschine_05;12,12;Produktion;99;2;65,8
2025-01-02 13:00:00;Maschine_05;14,89;Produktion;106;3;75,4
2025-01-02 14:00:00;Maschine_05;13,38;Produktion;90;2;66,6
2025-01-02 15:00:00;Maschine_05;12,69;Produktion;101;2;69,1
2025-01-02 16:00:00;Maschine_05;14,11;Produktion;91;2;69,3
2025-01-02 17:00:00;Maschine_05;13,41;Produktion;106;2;68,2
2025-01-02 18:00:00;Maschine_05;11,42;Produktion;105;2;68,7
2025-01-02 19:00:00;Maschine_05;17,44;Produktion;91;2;68,1
2025-01-02 20:00:00;Maschine_05;13,29;Produktion;97;2;67,9
2025-01-02 21:00:00;Maschine_05;13,99;Produktion;94;2;69,9
2025-01-02 22:00:00;Maschine_05;13,75;Produktion;100;2;67,3
2025-01-02 23:00:00;Maschine_05;13,68;Produktion;94;2;70,7
2025-01-03 00:00:00;Maschine_05;14,19;Produktion;98;2;65,8
2025-01-03 01:00:00;Maschine_05;16,72;Produktion;107;3;73,0
2025-01-03 02:00:00;Maschine_05;14,37;Produktion;90;2;67,8
2025-01-03 03:00:00;Maschine_05;15,53;Produktion;90;2;77,1
2025-01-03 04:00:00;Maschine_05;11,74;Produktion;96;2;65,9
2025-01-03 05:00:00;Maschine_05;15,9;Produktion;97;2;77,8
2025-01-03 06:00:00;Maschine_05;12,91;Produktion;95;2;56,1
2025-01-03 07:00:00;Maschine_05;14,06;Produktion;98;2;67,4
2025-01-03 08:00:00;Maschine_05;15,74;Produktion;103;3;62,8
2025-01-03 09:00:00;Maschine_05;15,37;Produktion;105;3;67,5
2025-01-03 10:00:00;Maschine_05;13,99;Produktion;90;2;68,0
2025-01-03 11:00:00;Maschine_05;12,12;Produktion;98;2;61,6
2025-01-03 12:00:00;Maschine_05;13,44;Produktion;92;2;63,3
2025-01-03 13:00:00;Maschine_05;10,79;Produktion;108;2;60,2
2025-01-03 14:00:00;Maschine_05;13,46;Produktion;93;2;75,1
2025-01-03 15:00:00;Maschine_05;15,88;Produktion;104;3;66,2
2025-01-03 16:00:00;Maschine_05;17,34;Produktion;98;3;66,6
2025-01-03 17:00:00;Maschine_05;13,34;Produktion;92;2;68,0
2025-01-03 18:00:00;Maschine_05;15,46;Produktion;97;2;61,2
2025-01-03 19:00:00;Maschine_05;13,61;Produktion;99;2;64,7
2025-01-03 20:00:00;Maschine_05;16,94;Produktion;100;3;70,2
2025-01-03 21:00:00;Maschine_05;12,94;Produktion;102;2;70,3
2025-01-03 22:00:00;Maschine_05;11,01;Produktion;98;2;70,2
2025-01-03 23:00:00;Maschine_05;13,29;Produktion;99;2;70,1
2025-01-04 00:00:00;Maschine_05;15,15;Produktion;103;2;68,0
2025-01-04 01:00:00;Maschine_05;14,16;Produktion;94;2;72,4
2025-01-04 02:00:00;Maschine_05;16,72;Produktion;100;3;65,6
2025-01-04 03:00:00;Maschine_05;12,64;Produktion;102;2;68,0
2025-01-04 04:00:00;Maschine_05;15,94;Produktion;106;3;70,8
2025-01-04 05:00:00;Maschine_05;15,7;Produktion;99;2;68,9
2025-01-04 06:00:00;Maschine_05;15,1;Produktion;99;2;63,3
2025-01-04 07:00:00;Maschine_05;14,0;Produktion;103;2;68,4
2025-01-04 08:00:00;Maschine_05;16,84;Produktion;97;3;68,8
2025-01-04 09:00:00;Maschine_05;11,63;Produktion;97;2;76,0
2025-01-04 10:00:00;Maschine_05;12,44;Produktion;97;2;70,6
2025-01-04 11:00:00;Maschine_05;16,67;Produktion;98;3;64,6
2025-01-04 12:00:00;Maschine_05;14,81;Produktion;98;2;70,9
2025-01-04 13:00:00;Maschine_05;16,26;Produktion;97;2;59,9
2025-01-04 14:00:00;Maschine_05;14,21;Produktion;108;2;64,0
2025-01-04 15:00:00;Maschine_05;15,1;Produktion;90;2;67,2
2025-01-04 16:00:00;Maschine_05;14,68;Produktion;103;2;62,5
2025-01-04 17:00:00;Maschine_05;16,65;Produktion;100;3;64,8
2025-01-04 18:00:00;Maschine_05;14,33;Produktion;92;2;73,8
2025-01-04 19:00:00;Maschine_05;14,12;Produktion;97;2;63,6
2025-01-04 20:00:00;Maschine_05;12,49;Produktion;94;2;72,0
2025-01-04 21:00:00;Maschine_05;17,1;Produktion;100;3;68,8
2025-01-04 22:00:00;Maschine_05;15,02;Produktion;94;2;69,7
2025-01-04 23:00:00;Maschine_05;14,78;Produktion;91;2;72,0
2025-01-05 00:00:00;Maschine_05;15,54;Produktion;98;2;73,0
2025-01-05 01:00:00;Maschine_05;13,88;Produktion;98;2;71,4
2025-01-05 02:00:00;Maschine_05;14,96;Produktion;99;2;66,5
2025-01-05 03:00:00;Maschine_05;15,51;Produktion;109;3;71,7
2025-01-05 04:00:00;Maschine_05;14,25;Produktion;99;2;68,5
2025-01-05 05:00:00;Maschine_05;13,5;Produktion;107;2;64,3
2025-01-05 06:00:00;Maschine_05;16,92;Produktion;104;3;72,3
2025-01-05 07:00:00;Maschine_05;14,53;Produktion;98;2;63,2
2025-01-05 08:00:00;Maschine_05;15,24;Produktion;92;2;67,9
2025-01-05 09:00:00;Maschine_05;16,3;Produktion;104;3;64,9
2025-01-05 10:00:00;Maschine_05;11,04;Produktion;96;2;69,7
2025-01-05 11:00:00;Maschine_05;14,46;Produktion;95;2;73,0
2025-01-05 12:00:00;Maschine_05;16,35;Produktion;107;3;69,6
2025-01-05 13:00:00;Maschine_05;16,42;Produktion;99;3;70,4
2025-01-05 14:00:00;Maschine_05;16,12;Produktion;100;3;67,6
2025-01-05 15:00:00;Maschine_05;14,89;Produktion;100;2;64,4
2025-01-05 16:00:00;Maschine_05;14,27;Produktion;91;2;67,7
2025-01-05 17:00:00;Maschine_05;16,11;Produktion;104;3;71,1
2025-01-05 18:00:00;Maschine_05;14,05;Produktion;106;2;67,8
2025-01-05 19:00:00;Maschine_05;13,4;Produktion;107;2;71,7
2025-01-05 20:00:00;Maschine_05;14,14;Produktion;108;2;69,9
2025-01-05 21:00:00;Maschine_05;14,98;Produktion;98;2;70,0
2025-01-05 22:00:00;Maschine_05;14,01;Produktion;97;2;70,8
2025-01-05 23:00:00;Maschine_05;13,96;Produktion;103;2;62,7
2025-01-06 00:00:00;Maschine_05;14,46;Produktion;97;2;57,4
2025-01-06 01:00:00;Maschine_05;15,65;Produktion;93;2;73,4
2025-01-06 02:00:00;Maschine_05;13,59;Produktion;93;2;65,5
2025-01-06 03:00:00;Maschine_05;16,48;Produktion;102;3;59,4
2025-01-06 04:00:00;Maschine_05;15,68;Produktion;101;2;72,0
2025-01-06 05:00:00;Maschine_05;14,98;Produktion;107;3;74,9
2025-01-06 06:00:00;Maschine_05;14,25;Produktion;102;2;66,5
2025-01-06 07:00:00;Maschine_05;13,04;Produktion;102;2;70,0
2025-01-06 08:00:00;Maschine_05;15,26;Produktion;98;2;63,8
2025-01-06 09:00:00;Maschine_05;14,56;Produktion;106;2;69,3
2025-01-06 10:00:00;Maschine_05;15,93;Produktion;99;2;70,5
2025-01-06 11:00:00;Maschine_05;12,21;Produktion;93;2;67,1
2025-01-06 12:00:00;Maschine_05;16,61;Produktion;106;3;63,1
2025-01-06 13:00:00;Maschine_05;15,85;Produktion;92;2;62,5
2025-01-06 14:00:00;Maschine_05;15,51;Produktion;105;3;76,7
2025-01-06 15:00:00;Maschine_05;16,32;Produktion;93;2;62,2
2025-01-06 16:00:00;Maschine_05;13,9;Produktion;97;2;68,7
2025-01-06 17:00:00;Maschine_05;15,69;Produktion;99;2;69,4
2025-01-06 18:00:00;Maschine_05;14,92;Produktion;93;2;75,9
2025-01-06 19:00:00;Maschine_05;13,99;Stillstand;0;0;71,2
2025-01-06 20:00:00;Maschine_05;15,55;Produktion;95;2;62,2
2025-01-06 21:00:00;Maschine_05;15,64;Produktion;98;2;65,9
2025-01-06 22:00:00;Maschine_05;16,92;Produktion;100;3;76,1
2025-01-06 23:00:00;Maschine_05;17,04;Produktion;97;3;63,9
2025-01-07 00:00:00;Maschine_05;13,88;Produktion;99;2;78,1
2025-01-07 01:00:00;Maschine_05;15,83;Produktion;101;3;62,7
2025-01-07 02:00:00;Maschine_05;13,41;Produktion;105;2;71,2
2025-01-07 03:00:00;Maschine_05;14,21;Produktion;92;2;74,3
2025-01-07 04:00:00;Maschine_05;16,17;Produktion;90;2;63,4
2025-01-07 05:00:00;Maschine_05;14,08;Produktion;108;2;72,7
2025-01-01 00:00:00;Maschine_06;11,67;Produktion;106;2;70,1
2025-01-01 01:00:00;Maschine_06;14,47;Produktion;109;3;69,7
2025-01-01 02:00:00;Maschine_06;14,0;Produktion;104;2;66,3
2025-01-01 03:00:00;Maschine_06;16,08;Produktion;99;2;73,5
2025-01-01 04:00:00;Maschine_06;15,49;Produktion;104;3;60,2
2025-01-01 05:00:00;Maschine_06;12,34;Produktion;94;2;75,5
2025-01-01 06:00:00;Maschine_06;18,2;Produktion;100;3;73,7
2025-01-01 07:00:00;Maschine_06;16,38;Produktion;100;3;69,0
2025-01-01 08:00:00;Maschine_06;14,35;Produktion;97;2;67,1
2025-01-01 09:00:00;Maschine_06;14,32;Produktion;92;2;67,7
2025-01-01 10:00:00;Maschine_06;16,31;Produktion;100;3;75,4
2025-01-01 11:00:00;Maschine_06;13,52;Produktion;94;2;66,9
2025-01-01 12:00:00;Maschine_06;13,84;Produktion;100;2;66,0
2025-01-01 13:00:00;Maschine_06;14,24;Produktion;94;2;64,8
2025-01-01 14:00:00;Maschine_06;12,07;Produktion;97;2;67,6
2025-01-01 15:00:00;Maschine_06;13,92;Produktion;93;2;67,9
2025-01-01 16:00:00;Maschine_06;12,89;Produktion;109;2;65,2
2025-01-01 17:00:00;Maschine_06;14,8;Produktion;94;2;68,9
2025-01-01 18:00:00;Maschine_06;12,94;Produktion;91;2;65,3
2025-01-01 19:00:00;Maschine_06;12,75;Produktion;92;2;77,7
2025-01-01 20:00:00;Maschine_06;16,75;Produktion;99;3;70,8
2025-01-01 21:00:00;Maschine_06;14,55;Produktion;104;2;64,8
2025-01-01 22:00:00;Maschine_06;14,88;Produktion;97;2;76,1
2025-01-01 23:00:00;Maschine_06;13,6;Produktion;103;2;66,9
2025-01-02 00:00:00;Maschine_06;11,59;Produktion;100;2;70,2
2025-01-02 01:00:00;Maschine_06;15,88;Produktion;97;2;66,0
2025-01-02 02:00:00;Maschine_06;15,3;Produktion;95;2;73,6
2025-01-02 03:00:00;Maschine_06;15,23;Produktion;100;2;75,9
2025-01-02 04:00:00;Maschine_06;14,45;Produktion;93;2;65,1
2025-01-02 05:00:00;Maschine_06;13,97;Produktion;100;2;80,5
2025-01-02 06:00:00;Maschine_06;12,37;Produktion;90;2;64,8
2025-01-02 07:00:00;Maschine_06;14,28;Produktion;91;2;67,5
2025-01-02 08:00:00;Maschine_06;14,06;Produktion;91;2;71,4
2025-01-02 09:00:00;Maschine_06;13,44;Produktion;90;2;70,8
2025-01-02 10:00:00;Maschine_06;14,32;Produktion;90;2;67,7
2025-01-02 11:00:00;Maschine_06;15,15;Produktion;90;2;73,3
2025-01-02 12:00:00;Maschine_06;14,59;Produktion;102;2;70,5
2025-01-02 13:00:00;Maschine_06;14,2;Produktion;99;2;61,9
2025-01-02 14:00:00;Maschine_06;16,38;Produktion;91;2;69,4
2025-01-02 15:00:00;Maschine_06;12,53;Produktion;96;2;58,8
2025-01-02 16:00:00;Maschine_06;15,45;Produktion;93;2;66,9
2025-01-02 17:00:00;Maschine_06;14,62;Produktion;101;2;70,0
2025-01-02 18:00:00;Maschine_06;12,91;Produktion;102;2;66,9
2025-01-02 19:00:00;Maschine_06;15,78;Produktion;103;3;63,2
2025-01-02 20:00:00;Maschine_06;14,9;Produktion;97;2;67,5
2025-01-02 21:00:00;Maschine_06;14,8;Produktion;105;2;68,2
2025-01-02 22:00:00;Maschine_06;13,8;Produktion;103;2;70,0
2025-01-02 23:00:00;Maschine_06;12,62;Produktion;96;2;71,3
2025-01-03 00:00:00;Maschine_06;11,47;Produktion;105;2;66,6
2025-01-03 01:00:00;Maschine_06;13,65;Produktion;96;2;67,8
2025-01-03 02:00:00;Maschine_06;12,86;Produktion;97;2;67,1
2025-01-03 03:00:00;Maschine_06;14,13;Produktion;97;2;65,4
2025-01-03 04:00:00;Maschine_06;17,24;Produktion;91;2;70,4
2025-01-03 05:00:00;Maschine_06;13,78;Produktion;91;2;70,3
2025-01-03 06:00:00;Maschine_06;14,31;Produktion;100;2;72,2
2025-01-03 07:00:00;Maschine_06;14,36;Produktion;98;2;69,2
2025-01-03 08:00:00;Maschine_06;13,65;Produktion;96;2;67,6
2025-01-03 09:00:00;Maschine_06;13,3;Produktion;98;2;65,7
2025-01-03 10:00:00;Maschine_06;14,7;Produktion;101;2;74,8
2025-01-03 11:00:00;Maschine_06;13,28;Produktion;97;2;62,9
2025-01-03 12:00:00;Maschine_06;14,83;Produktion;98;2;66,1
2025-01-03 13:00:00;Maschine_06;15,5;Produktion;97;2;75,2
2025-01-03 14:00:00;Maschine_06;13,92;Produktion;97;2;73,9
2025-01-03 15:00:00;Maschine_06;14,66;Produktion;99;2;69,5
2025-01-03 16:00:00;Maschine_06;18,7;Produktion;91;3;72,6
2025-01-03 17:00:00;Maschine_06;12,64;Produktion;92;2;70,0
2025-01-03 18:00:00;Maschine_06;13,19;Produktion;105;2;66,0
2025-01-03 19:00:00;Maschine_06;14,1;Produktion;100;2;71,2
2025-01-03 20:00:00;Maschine_06;14,87;Produktion;93;2;77,4
2025-01-03 21:00:00;Maschine_06;15,33;Produktion;102;2;69,2
2025-01-03 22:00:00;Maschine_06;14,76;Produktion;108;3;64,5
2025-01-03 23:00:00;Maschine_06;13,79;Produktion;90;2;68,8
2025-01-04 00:00:00;Maschine_06;17,02;Produktion;101;3;70,4
2025-01-04 01:00:00;Maschine_06;14,89;Produktion;90;2;69,5
2025-01-04 02:00:00;Maschine_06;15,34;Produktion;103;3;56,2
2025-01-04 03:00:00;Maschine_06;17,73;Produktion;99;3;62,2
2025-01-04 04:00:00;Maschine_06;15,82;Produktion;93;2;69,3
2025-01-04 05:00:00;Maschine_06;14,89;Produktion;98;2;67,2
2025-01-04 06:00:00;Maschine_06;15,42;Produktion;91;2;70,5
2025-01-04 07:00:00;Maschine_06;13,19;Produktion;99;2;68,2
2025-01-04 08:00:00;Maschine_06;15,09;Produktion;91;2;70,1
2025-01-04 09:00:00;Maschine_06;14,73;Produktion;101;2;71,0
2025-01-04 10:00:00;Maschine_06;15,42;Produktion;104;3;66,4
2025-01-04 11:00:00;Maschine_06;13,61;Produktion;97;2;67,1
2025-01-04 12:00:00;Maschine_06;16,38;Produktion;101;3;67,2
2025-01-04 13:00:00;Maschine_06;14,08;Produktion;98;2;70,0
2025-01-04 14:00:00;Maschine_06;16,21;Produktion;105;3;67,6
2025-01-04 15:00:00;Maschine_06;13,03;Produktion;106;2;70,8
2025-01-04 16:00:00;Maschine_06;15,05;Produktion;97;2;77,5
2025-01-04 17:00:00;Maschine_06;14,95;Produktion;106;3;70,4
2025-01-04 18:00:00;Maschine_06;14,99;Produktion;106;3;63,8
2025-01-04 19:00:00;Maschine_06;14,64;Produktion;95;2;60,6
2025-01-04 20:00:00;Maschine_06;14,2;Produktion;98;2;69,6
2025-01-04 21:00:00;Maschine_06;14,47;Produktion;107;3;76,2
2025-01-04 22:00:00;Maschine_06;16,87;Produktion;108;3;73,7
2025-01-04 23:00:00;Maschine_06;14,41;Produktion;90;2;68,7
2025-01-05 00:00:00;Maschine_06;15,51;Produktion;94;2;73,6
2025-01-05 01:00:00;Maschine_06;14,81;Produktion;109;3;58,1
2025-01-05 02:00:00;Maschine_06;14,47;Produktion;94;2;71,8
2025-01-05 03:00:00;Maschine_06;16,59;Stillstand;0;0;66,6
2025-01-05 04:00:00;Maschine_06;14,89;Produktion;102;2;70,0
2025-01-05 05:00:00;Maschine_06;15,36;Produktion;101;2;69,1
2025-01-05 06:00:00;Maschine_06;16,65;Produktion;92;2;67,9
2025-01-05 07:00:00;Maschine_06;14,48;Produktion;105;2;68,3
2025-01-05 08:00:00;Maschine_06;14,78;Produktion;97;2;65,6
2025-01-05 09:00:00;Maschine_06;13,82;Produktion;109;2;69,4
2025-01-05 10:00:00;Maschine_06;13,39;Produktion;91;2;70,9
2025-01-05 11:00:00;Maschine_06;13,97;Produktion;101;2;70,9
2025-01-05 12:00:00;Maschine_06;11,66;Produktion;104;2;63,2
2025-01-05 13:00:00;Maschine_06;12,47;Produktion;107;2;69,8
2025-01-05 14:00:00;Maschine_06;13,23;Produktion;100;2;69,0
2025-01-05 15:00:00;Maschine_06;15,71;Produktion;106;3;67,4
2025-01-05 16:00:00;Maschine_06;14,04;Produktion;103;2;72,5
2025-01-05 17:00:00;Maschine_06;16,47;Produktion;101;3;67,9
2025-01-05 18:00:00;Maschine_06;11,74;Produktion;92;2;60,7
2025-01-05 19:00:00;Maschine_06;15,18;Produktion;101;2;67,4
2025-01-05 20:00:00;Maschine_06;15,05;Produktion;109;3;67,5
2025-01-05 21:00:00;Maschine_06;13,7;Produktion;98;2;73,5
2025-01-05 22:00:00;Maschine_06;16,58;Produktion;95;2;66,8
2025-01-05 23:00:00;Maschine_06;12,72;Produktion;94;2;70,5
2025-01-06 00:00:00;Maschine_06;15,4;Produktion;97;2;63,4
2025-01-06 01:00:00;Maschine_06;14,98;Produktion;103;2;76,2
2025-01-06 02:00:00;Maschine_06;17,09;Produktion;95;2;66,3
2025-01-06 03:00:00;Maschine_06;14,83;Produktion;92;2;68,1
2025-01-06 04:00:00;Maschine_06;13,48;Produktion;99;2;67,3
2025-01-06 05:00:00;Maschine_06;14,31;Produktion;103;2;70,6
2025-01-06 06:00:00;Maschine_06;11,95;Produktion;103;2;66,5
2025-01-06 07:00:00;Maschine_06;14,21;Produktion;95;2;68,2
2025-01-06 08:00:00;Maschine_06;15,83;Produktion;102;3;62,3
2025-01-06 09:00:00;Maschine_06;14,46;Produktion;92;2;72,9
2025-01-06 10:00:00;Maschine_06;13,02;Produktion;106;2;64,6
2025-01-06 11:00:00;Maschine_06;16,57;Produktion;98;3;73,1
2025-01-06 12:00:00;Maschine_06;16,95;Produktion;92;2;66,7
2025-01-06 13:00:00;Maschine_06;14,68;Produktion;106;3;76,2
2025-01-06 14:00:00;Maschine_06;15,05;Produktion;107;3;77,2
2025-01-06 15:00:00;Maschine_06;13,26;Produktion;102;2;70,5
2025-01-06 16:00:00;Maschine_06;16,21;Produktion;97;2;70,5
2025-01-06 17:00:00;Maschine_06;14,49;Produktion;106;2;65,2
2025-01-06 18:00:00;Maschine_06;15,4;Produktion;93;2;74,4
2025-01-06 19:00:00;Maschine_06;15,08;Produktion;92;2;64,1
2025-01-06 20:00:00;Maschine_06;16,01;Produktion;93;2;67,2
2025-01-06 21:00:00;Maschine_06;14,94;Produktion;95;2;64,7
2025-01-06 22:00:00;Maschine_06;16,83;Produktion;96;2;69,2
2025-01-06 23:00:00;Maschine_06;15,26;Produktion;108;3;67,0
2025-01-07 00:00:00;Maschine_06;14,62;Produktion;108;3;70,0
2025-01-07 01:00:00;Maschine_06;16,08;Produktion;98;2;76,3
2025-01-07 02:00:00;Maschine_06;17,59;Produktion;93;2;75,0
2025-01-07 03:00:00;Maschine_06;14,59;Produktion;103;2;75,3
2025-01-07 04:00:00;Maschine_06;16,41;Produktion;100;3;67,4
2025-01-07 05:00:00;Maschine_06;15,41;Produktion;101;2;69,7
2025-01-01 00:00:00;Maschine_07;16,1;Produktion;95;2;68,9
2025-01-01 01:00:00;Maschine_07;15,09;Produktion;105;3;63,4
2025-01-01 02:00:00;Maschine_07;14,64;Produktion;91;2;68,3
2025-01-01 03:00:00;Maschine_07;18,44;Produktion;96;3;60,7
2025-01-01 04:00:00;Maschine_07;15,45;Produktion;101;2;60,5
2025-01-01 05:00:00;Maschine_07;17,5;Produktion;95;3;69,8
2025-01-01 06:00:00;Maschine_07;14,63;Produktion;102;2;67,9
2025-01-01 07:00:00;Maschine_07;14,84;Produktion;96;2;69,6
2025-01-01 08:00:00;Maschine_07;15,04;Produktion;96;2;70,4
2025-01-01 09:00:00;Maschine_07;12,84;Produktion;100;2;66,0
2025-01-01 10:00:00;Maschine_07;19,22;Produktion;108;3;75,0
2025-01-01 11:00:00;Maschine_07;16,81;Produktion;102;3;64,4
2025-01-01 12:00:00;Maschine_07;17,61;Produktion;96;3;77,5
2025-01-01 13:00:00;Maschine_07;16,76;Produktion;103;3;70,3
2025-01-01 14:00:00;Maschine_07;13,46;Produktion;99;2;71,5
2025-01-01 15:00:00;Maschine_07;17,33;Produktion;96;3;73,7
2025-01-01 16:00:00;Maschine_07;14,24;Produktion;93;2;66,3
2025-01-01 17:00:00;Maschine_07;16,18;Produktion;107;3;64,2
2025-01-01 18:00:00;Maschine_07;16,03;Produktion;92;2;64,8
2025-01-01 19:00:00;Maschine_07;17,16;Produktion;108;3;74,9
2025-01-01 20:00:00;Maschine_07;16,95;Produktion;95;2;67,9
2025-01-01 21:00:00;Maschine_07;19,03;Produktion;90;3;70,3
2025-01-01 22:00:00;Maschine_07;14,77;Produktion;109;3;69,0
2025-01-01 23:00:00;Maschine_07;14,02;Produktion;103;2;71,7
2025-01-02 00:00:00;Maschine_07;15,65;Produktion;98;2;63,2
2025-01-02 01:00:00;Maschine_07;16,69;Produktion;104;3;70,6
2025-01-02 02:00:00;Maschine_07;16,48;Produktion;93;2;72,6
2025-01-02 03:00:00;Maschine_07;14,06;Produktion;101;2;63,2
2025-01-02 04:00:00;Maschine_07;16,86;Produktion;92;2;61,8
2025-01-02 05:00:00;Maschine_07;15,32;Produktion;109;3;71,3
2025-01-02 06:00:00;Maschine_07;15,17;Produktion;108;3;65,4
2025-01-02 07:00:00;Maschine_07;16,34;Produktion;95;2;71,4
2025-01-02 08:00:00;Maschine_07;16,77;Produktion;106;3;73,7
2025-01-02 09:00:00;Maschine_07;13,81;Produktion;91;2;55,8
2025-01-02 10:00:00;Maschine_07;17,57;Produktion;108;3;73,1
2025-01-02 11:00:00;Maschine_07;18,02;Produktion;94;3;61,9
2025-01-02 12:00:00;Maschine_07;16,06;Produktion;103;3;66,0
2025-01-02 13:00:00;Maschine_07;16,02;Produktion;98;2;72,2
2025-01-02 14:00:00;Maschine_07;18,44;Produktion;100;3;70,0
2025-01-02 15:00:00;Maschine_07;17,04;Produktion;107;3;70,2
2025-01-02 16:00:00;Maschine_07;15,57;Produktion;102;3;71,6
2025-01-02 17:00:00;Maschine_07;17,27;Produktion;91;2;59,1
2025-01-02 18:00:00;Maschine_07;15,88;Produktion;91;2;63,8
2025-01-02 19:00:00;Maschine_07;17,99;Produktion;104;3;74,5
2025-01-02 20:00:00;Maschine_07;18,06;Produktion;106;3;69,8
2025-01-02 21:00:00;Maschine_07;17,69;Produktion;106;3;68,0
2025-01-02 22:00:00;Maschine_07;15,14;Produktion;106;3;65,2
2025-01-02 23:00:00;Maschine_07;16,29;Produktion;96;2;61,7
2025-01-03 00:00:00;Maschine_07;16,32;Produktion;92;2;60,0
2025-01-03 01:00:00;Maschine_07;17,55;Produktion;96;3;72,0
2025-01-03 02:00:00;Maschine_07;15,37;Produktion;102;2;68,6
2025-01-03 03:00:00;Maschine_07;13,71;Produktion;107;2;68,4
2025-01-03 04:00:00;Maschine_07;16,52;Produktion;104;3;75,5
2025-01-03 05:00:00;Maschine_07;16,56;Produktion;106;3;64,4
2025-01-03 06:00:00;Maschine_07;14,1;Produktion;97;2;64,8
2025-01-03 07:00:00;Maschine_07;14,82;Produktion;104;2;66,8
2025-01-03 08:00:00;Maschine_07;14,33;Produktion;92;2;78,3
2025-01-03 09:00:00;Maschine_07;15,02;Produktion;102;2;
2025-01-03 10:00:00;Maschine_07;18,4;Produktion;107;3;70,7
2025-01-03 11:00:00;Maschine_07;16,93;Produktion;92;2;74,5
2025-01-03 12:00:00;Maschine_07;16,25;Produktion;108;3;65,4
2025-01-03 13:00:00;Maschine_07;15,9;Produktion;106;3;68,6
2025-01-03 14:00:00;Maschine_07;15,81;Produktion;104;3;69,4
2025-01-03 15:00:00;Maschine_07;16,98;Produktion;103;3;70,7
2025-01-03 16:00:00;Maschine_07;15,65;Produktion;96;2;73,2
2025-01-03 17:00:00;Maschine_07;15,39;Produktion;97;2;71,9
2025-01-03 18:00:00;Maschine_07;15,88;Produktion;97;2;73,6
2025-01-03 19:00:00;Maschine_07;20,27;Produktion;90;3;73,0
2025-01-03 20:00:00;Maschine_07;16,3;Produktion;95;2;65,7
2025-01-03 21:00:00;Maschine_07;16,43;Produktion;90;2;67,3
2025-01-03 22:00:00;Maschine_07;14,56;Produktion;109;3;73,0
2025-01-03 23:00:00;Maschine_07;17,6;Produktion;92;2;66,2
2025-01-04 00:00:00;Maschine_07;17,62;Produktion;94;3;69,6
2025-01-04 01:00:00;Maschine_07;15,99;Produktion;92;2;63,7
2025-01-04 02:00:00;Maschine_07;16,27;Produktion;104;3;68,9
2025-01-04 03:00:00;Maschine_07;14,87;Produktion;92;2;60,2
2025-01-04 04:00:00;Maschine_07;15,02;Produktion;95;2;70,7
2025-01-04 05:00:00;Maschine_07;14,39;Produktion;95;2;71,0
2025-01-04 06:00:00;Maschine_07;18,5;Produktion;109;3;65,9
2025-01-04 07:00:00;Maschine_07;18,39;Produktion;109;3;68,1
2025-01-04 08:00:00;Maschine_07;16,65;Produktion;90;2;65,9
2025-01-04 09:00:00;Maschine_07;15,27;Produktion;106;3;63,8
2025-01-04 10:00:00;Maschine_07;17,38;Produktion;98;3;69,4
2025-01-04 11:00:00;Maschine_07;15,22;Produktion;90;2;69,1
2025-01-04 12:00:00;Maschine_07;16,09;Produktion;96;2;65,9
2025-01-04 13:00:00;Maschine_07;17,17;Produktion;100;3;73,7
2025-01-04 14:00:00;Maschine_07;17,01;Produktion;108;3;72,9
2025-01-04 15:00:00;Maschine_07;17,03;Produktion;95;2;64,0
2025-01-04 16:00:00;Maschine_07;16,96;Produktion;99;3;66,6
2025-01-04 17:00:00;Maschine_07;15,46;Produktion;93;2;68,1
2025-01-04 18:00:00;Maschine_07;15,06;Produktion;95;2;67,6
2025-01-04 19:00:00;Maschine_07;18,57;Produktion;108;3;65,4
2025-01-04 20:00:00;Maschine_07;15,73;Produktion;98;2;69,9
2025-01-04 21:00:00;Maschine_07;17,33;Produktion;101;3;66,4
2025-01-04 22:00:00;Maschine_07;16,06;Produktion;99;2;71,3
2025-01-04 23:00:00;Maschine_07;16,87;Produktion;101;3;72,1
2025-01-05 00:00:00;Maschine_07;17,54;Produktion;107;3;69,9
2025-01-05 01:00:00;Maschine_07;16,05;Produktion;95;2;75,2
2025-01-05 02:00:00;Maschine_07;16,26;Produktion;98;2;76,4
2025-01-05 03:00:00;Maschine_07;16,55;Produktion;100;3;68,4
2025-01-05 04:00:00;Maschine_07;16,53;Produktion;104;3;71,9
2025-01-05 05:00:00;Maschine_07;16,91;Produktion;97;3;69,2
2025-01-05 06:00:00;Maschine_07;15,01;Produktion;97;2;69,1
2025-01-05 07:00:00;Maschine_07;16,28;Produktion;95;2;66,2
2025-01-05 08:00:00;Maschine_07;17,57;Produktion;95;3;75,6
2025-01-05 09:00:00;Maschine_07;15,56;Produktion;105;3;65,5
2025-01-05 10:00:00;Maschine_07;17,36;Produktion;96;3;78,7
2025-01-05 11:00:00;Maschine_07;16,04;Produktion;108;3;68,0
2025-01-05 12:00:00;Maschine_07;15,47;Produktion;103;3;67,3
2025-01-05 13:00:00;Maschine_07;17,35;Produktion;107;3;71,0
2025-01-05 14:00:00;Maschine_07;15,79;Produktion;97;2;66,6
2025-01-05 15:00:00;Maschine_07;13,13;Produktion;105;2;70,3
2025-01-05 16:00:00;Maschine_07;17,47;Produktion;99;3;74,1
2025-01-05 17:00:00;Maschine_07;13,78;Produktion;92;2;69,3
2025-01-05 18:00:00;Maschine_07;16,72;Produktion;108;3;67,8
2025-01-05 19:00:00;Maschine_07;18,73;Produktion;106;3;62,9
2025-01-05 20:00:00;Maschine_07;15,38;Produktion;93;2;69,0
2025-01-05 21:00:00;Maschine_07;15,25;Produktion;95;2;67,3
2025-01-05 22:00:00;Maschine_07;16,58;Produktion;103;3;67,3
2025-01-05 23:00:00;Maschine_07;15,56;Produktion;95;2;71,4
2025-01-06 00:00:00;Maschine_07;16,27;Produktion;96;2;65,0
2025-01-06 01:00:00;Maschine_07;16,27;Produktion;100;3;63,2
2025-01-06 02:00:00;Maschine_07;17,24;Produktion;102;3;68,3
2025-01-06 03:00:00;Maschine_07;16,99;Produktion;108;3;69,5
2025-01-06 04:00:00;Maschine_07;17,04;Produktion;92;2;62,7
2025-01-06 05:00:00;Maschine_07;18,08;Produktion;100;3;64,2
2025-01-06 06:00:00;Maschine_07;18,2;Produktion;97;3;63,0
2025-01-06 07:00:00;Maschine_07;18,82;Produktion;107;3;72,7
2025-01-06 08:00:00;Maschine_07;17,29;Produktion;90;2;65,1
2025-01-06 09:00:00;Maschine_07;17,2;Produktion;92;2;75,5
2025-01-06 10:00:00;Maschine_07;14,54;Produktion;105;2;71,2
2025-01-06 11:00:00;Maschine_07;16,49;Produktion;97;2;72,6
2025-01-06 12:00:00;Maschine_07;15,59;Produktion;98;2;63,4
2025-01-06 13:00:00;Maschine_07;16,6;Produktion;93;2;73,3
2025-01-06 14:00:00;Maschine_07;17,58;Produktion;101;3;70,6
2025-01-06 15:00:00;Maschine_07;17,24;Produktion;104;3;66,2
2025-01-06 16:00:00;Maschine_07;16,6;Produktion;101;3;70,7
2025-01-06 17:00:00;Maschine_07;14,62;Produktion;105;2;63,1
2025-01-06 18:00:00;Maschine_07;16,01;Produktion;98;2;68,5
2025-01-06 19:00:00;Maschine_07;17,58;Produktion;105;3;66,7
2025-01-06 20:00:00;Maschine_07;16,6;Produktion;109;3;64,7
2025-01-06 21:00:00;Maschine_07;18,88;Produktion;92;3;59,2
2025-01-06 22:00:00;Maschine_07;18,28;Produktion;97;3;63,0
2025-01-06 23:00:00;Maschine_07;15,29;Produktion;102;2;68,4
2025-01-07 00:00:00;Maschine_07;14,12;Produktion;105;2;69,2
2025-01-07 01:00:00;Maschine_07;18,86;Produktion;94;3;70,3
2025-01-07 02:00:00;Maschine_07;16,8;Produktion;94;2;66,6
2025-01-07 03:00:00;Maschine_07;15,46;Produktion;99;2;72,7
2025-01-07 04:00:00;Maschine_07;13,77;Produktion;105;2;65,0
2025-01-07 05:00:00;Maschine_07;18,93;Produktion;93;3;71,6
2025-01-01 00:00:00;Maschine_08;13,81;Produktion;107;2;73,5
2025-01-01 01:00:00;Maschine_08;9,77;Produktion;109;2;66,4
2025-01-01 02:00:00;Maschine_08;15,11;Produktion;102;2;58,2
2025-01-01 03:00:00;Maschine_08;10,43;Produktion;97;2;66,3
2025-01-01 04:00:00;Maschine_08;11,48;Produktion;109;2;64,0
2025-01-01 05:00:00;Maschine_08;11,06;Produktion;108;2;66,9
2025-01-01 06:00:00;Maschine_08;10,55;Produktion;97;2;66,5
2025-01-01 07:00:00;Maschine_08;12,17;Produktion;97;2;68,1
2025-01-01 08:00:00;Maschine_08;10,75;Produktion;99;2;63,4
2025-01-01 09:00:00;Maschine_08;9,21;Produktion;93;2;63,5
2025-01-01 10:00:00;Maschine_08;12,3;Produktion;91;2;69,3
2025-01-01 11:00:00;Maschine_08;11,52;Produktion;105;2;63,2
2025-01-01 12:00:00;Maschine_08;9,44;Produktion;98;2;64,9
2025-01-01 13:00:00;Maschine_08;9,61;Produktion;95;2;66,2
2025-01-01 14:00:00;Maschine_08;13,77;Produktion;94;2;70,5
2025-01-01 15:00:00;Maschine_08;10,94;Produktion;103;2;68,2
2025-01-01 16:00:00;Maschine_08;10,88;Produktion;99;2;67,5
2025-01-01 17:00:00;Maschine_08;12,72;Produktion;94;2;64,3
2025-01-01 18:00:00;Maschine_08;11,01;Produktion;104;2;69,6
2025-01-01 19:00:00;Maschine_08;9,82;Produktion;97;2;70,6
2025-01-01 20:00:00;Maschine_08;11,65;Produktion;108;2;71,1
2025-01-01 21:00:00;Maschine_08;10,93;Produktion;94;2;62,5
2025-01-01 22:00:00;Maschine_08;9,48;Produktion;92;2;71,0
2025-01-01 23:00:00;Maschine_08;12,48;Produktion;108;2;60,1
2025-01-02 00:00:00;Maschine_08;11,92;Produktion;93;2;68,1
2025-01-02 01:00:00;Maschine_08;10,66;Produktion;101;2;65,4
2025-01-02 02:00:00;Maschine_08;13,45;Produktion;96;2;66,8
2025-01-02 03:00:00;Maschine_08;8,57;Produktion;105;2;73,7
2025-01-02 04:00:00;Maschine_08;10,46;Produktion;99;2;66,4
2025-01-02 05:00:00;Maschine_08;12,21;Produktion;96;2;66,6
2025-01-02 06:00:00;Maschine_08;12,84;Produktion;90;2;70,7
2025-01-02 07:00:00;Maschine_08;12,02;Produktion;103;2;70,6
2025-01-02 08:00:00;Maschine_08;8,77;Produktion;100;2;66,9
2025-01-02 09:00:00;Maschine_08;14,24;Produktion;92;2;73,8
2025-01-02 10:00:00;Maschine_08;10,24;Produktion;95;2;66,8
2025-01-02 11:00:00;Maschine_08;13,33;Produktion;90;2;67,7
2025-01-02 12:00:00;Maschine_08;10,37;Produktion;97;2;64,9
2025-01-02 13:00:00;Maschine_08;13,78;Produktion;107;2;69,6
2025-01-02 14:00:00;Maschine_08;12,95;Produktion;94;2;65,5
2025-01-02 15:00:00;Maschine_08;9,01;Produktion;90;1;67,8
2025-01-02 16:00:00;Maschine_08;9,1;Produktion;104;2;72,4
2025-01-02 17:00:00;Maschine_08;10,9;Produktion;98;2;72,7
2025-01-02 18:00:00;Maschine_08;12,27;Produktion;98;2;64,1
2025-01-02 19:00:00;Maschine_08;10,31;Produktion;103;2;65,9
2025-01-02 20:00:00;Maschine_08;8,8;Produktion;106;2;69,0
2025-01-02 21:00:00;Maschine_08;8,4;Produktion;109;2;63,0
2025-01-02 22:00:00;Maschine_08;10,03;Produktion;91;2;67,1
2025-01-02 23:00:00;Maschine_08;12,01;Produktion;99;2;66,0
2025-01-03 00:00:00;Maschine_08;8,07;Produktion;92;1;65,8
2025-01-03 01:00:00;Maschine_08;12,08;Produktion;101;2;63,9
2025-01-03 02:00:00;Maschine_08;11,19;Produktion;90;2;57,9
2025-01-03 03:00:00;Maschine_08;9,63;Produktion;96;2;70,6
2025-01-03 04:00:00;Maschine_08;10,24;Produktion;91;2;65,2
2025-01-03 05:00:00;Maschine_08;13,11;Produktion;91;2;69,9
2025-01-03 06:00:00;Maschine_08;10,06;Produktion;102;2;67,6
2025-01-03 07:00:00;Maschine_08;10,91;Produktion;90;2;62,2
2025-01-03 08:00:00;Maschine_08;11,08;Produktion;106;2;71,5
2025-01-03 09:00:00;Maschine_08;12,14;Produktion;91;2;70,8
2025-01-03 10:00:00;Maschine_08;11,52;Produktion;90;2;64,1
2025-01-03 11:00:00;Maschine_08;10,12;Produktion;93;2;64,7
2025-01-03 12:00:00;Maschine_08;13,82;Produktion;107;2;66,2
2025-01-03 13:00:00;Maschine_08;10,53;Produktion;97;2;68,8
2025-01-03 14:00:00;Maschine_08;10,13;Produktion;92;2;67,7
2025-01-03 15:00:00;Maschine_08;13,29;Produktion;106;2;68,9
2025-01-03 16:00:00;Maschine_08;8,63;Produktion;98;2;70,3
2025-01-03 17:00:00;Maschine_08;13,6;Produktion;106;2;73,8
2025-01-03 18:00:00;Maschine_08;14,01;Stillstand;0;0;72,4
2025-01-03 19:00:00;Maschine_08;12,54;Produktion;93;2;65,0
2025-01-03 20:00:00;Maschine_08;10,81;Produktion;95;2;69,6
2025-01-03 21:00:00;Maschine_08;10,46;Produktion;91;2;68,3
2025-01-03 22:00:00;Maschine_08;9,13;Produktion;104;2;75,9
2025-01-03 23:00:00;Maschine_08;10,98;Produktion;100;2;63,2
2025-01-04 00:00:00;Maschine_08;11,1;Produktion;104;2;72,0
2025-01-04 01:00:00;Maschine_08;10,97;Produktion;106;2;73,5
2025-01-04 02:00:00;Maschine_08;8,95;Produktion;104;2;67,3
2025-01-04 03:00:00;Maschine_08;8,47;Produktion;97;1;69,1
2025-01-04 04:00:00;Maschine_08;11,33;Produktion;103;2;74,1
2025-01-04 05:00:00;Maschine_08;11,29;Produktion;98;2;66,7
2025-01-04 06:00:00;Maschine_08;10,59;Produktion;98;2;70,1
2025-01-04 07:00:00;Maschine_08;13,49;Produktion;103;2;63,8
2025-01-04 08:00:00;Maschine_08;11,18;Produktion;95;2;59,6
2025-01-04 09:00:00;Maschine_08;11,18;Produktion;93;2;74,3
2025-01-04 10:00:00;Maschine_08;12,34;Produktion;102;2;71,1
2025-01-04 11:00:00;Maschine_08;12,96;Produktion;102;2;66,5
2025-01-04 12:00:00;Maschine_08;10,99;Produktion;106;2;69,6
2025-01-04 13:00:00;Maschine_08;15,59;Produktion;104;3;69,0
2025-01-04 14:00:00;Maschine_08;10,42;Produktion;105;2;66,1
2025-01-04 15:00:00;Maschine_08;11,31;Produktion;90;2;67,3
2025-01-04 16:00:00;Maschine_08;12,89;Produktion;97;2;64,8
2025-01-04 17:00:00;Maschine_08;13,42;Produktion;91;2;74,5
2025-01-04 18:00:00;Maschine_08;11,54;Produktion;100;2;66,0
2025-01-04 19:00:00;Maschine_08;9,57;Produktion;96;2;69,5
2025-01-04 20:00:00;Maschine_08;9,94;Produktion;95;2;57,9
2025-01-04 21:00:00;Maschine_08;9,93;Produktion;95;2;60,0
2025-01-04 22:00:00;Maschine_08;10,9;Produktion;99;2;69,2
2025-01-04 23:00:00;Maschine_08;9,14;Produktion;99;2;72,4
2025-01-05 00:00:00;Maschine_08;12,37;Produktion;101;2;70,3
2025-01-05 01:00:00;Maschine_08;12,72;Produktion;107;2;66,0
2025-01-05 02:00:00;Maschine_08;11,35;Produktion;100;2;60,9
2025-01-05 03:00:00;Maschine_08;12,82;Produktion;96;2;67,1
2025-01-05 04:00:00;Maschine_08;10,31;Produktion;93;2;62,2
2025-01-05 05:00:00;Maschine_08;9,7;Stillstand;0;0;68,8
2025-01-05 06:00:00;Maschine_08;12,64;Produktion;104;2;69,8
2025-01-05 07:00:00;Maschine_08;9,41;Produktion;99;2;71,0
2025-01-05 08:00:00;Maschine_08;9,07;Produktion;99;2;66,9
2025-01-05 09:00:00;Maschine_08;11,16;Produktion;90;2;67,6
2025-01-05 10:00:00;Maschine_08;11,52;Produktion;109;2;62,3
2025-01-05 11:00:00;Maschine_08;11,23;Produktion;93;2;58,9
2025-01-05 12:00:00;Maschine_08;9,9;Produktion;104;2;69,1
2025-01-05 13:00:00;Maschine_08;15,38;Produktion;100;2;65,2
2025-01-05 14:00:00;Maschine_08;10,44;Produktion;92;2;69,6
2025-01-05 15:00:00;Maschine_08;11,58;Produktion;93;2;70,6
2025-01-05 16:00:00;Maschine_08;11,11;Produktion;92;2;64,2
2025-01-05 17:00:00;Maschine_08;10,82;Produktion;93;2;66,5
2025-01-05 18:00:00;Maschine_08;11,43;Produktion;109;2;65,1
2025-01-05 19:00:00;Maschine_08;8,12;Produktion;100;2;70,4
2025-01-05 20:00:00;Maschine_08;10,54;Produktion;92;2;60,7
2025-01-05 21:00:00;Maschine_08;10,37;Produktion;109;2;64,6
2025-01-05 22:00:00;Maschine_08;11,83;Produktion;94;2;66,8
2025-01-05 23:00:00;Maschine_08;12,81;Produktion;109;2;65,9
2025-01-06 00:00:00;Maschine_08;10,78;Produktion;93;2;60,9
2025-01-06 01:00:00;Maschine_08;13,4;Produktion;96;2;66,9
2025-01-06 02:00:00;Maschine_08;11,93;Produktion;96;2;65,0
2025-01-06 03:00:00;Maschine_08;11,76;Produktion;102;2;67,2
2025-01-06 04:00:00;Maschine_08;9,97;Produktion;98;2;65,4
2025-01-06 05:00:00;Maschine_08;12,59;Produktion;102;2;68,9
2025-01-06 06:00:00;Maschine_08;12,9;Produktion;102;2;72,1
2025-01-06 07:00:00;Maschine_08;10,01;Produktion;106;2;71,7
2025-01-06 08:00:00;Maschine_08;8,9;Produktion;102;2;72,0
2025-01-06 09:00:00;Maschine_08;12,04;Produktion;92;2;65,6
2025-01-06 10:00:00;Maschine_08;11,57;Produktion;91;2;65,7
2025-01-06 11:00:00;Maschine_08;10,43;Produktion;99;2;66,1
2025-01-06 12:00:00;Maschine_08;11,36;Produktion;99;2;67,8
2025-01-06 13:00:00;Maschine_08;14,46;Produktion;93;2;64,6
2025-01-06 14:00:00;Maschine_08;10,47;Produktion;94;2;64,2
2025-01-06 15:00:00;Maschine_08;13,4;Produktion;105;2;74,6
2025-01-06 16:00:00;Maschine_08;11,1;Produktion;96;2;69,3
2025-01-06 17:00:00;Maschine_08;11,87;Produktion;106;2;60,6
2025-01-06 18:00:00;Maschine_08;11,86;Produktion;97;2;69,9
2025-01-06 19:00:00;Maschine_08;9,58;Produktion;109;2;62,6
2025-01-06 20:00:00;Maschine_08;11,25;Produktion;104;2;68,9
2025-01-06 21:00:00;Maschine_08;12,47;Produktion;94;2;71,0
2025-01-06 22:00:00;Maschine_08;12,87;Produktion;103;2;65,1
2025-01-06 23:00:00;Maschine_08;9,8;Produktion;105;2;65,2
2025-01-07 00:00:00;Maschine_08;11,28;Produktion;92;2;64,8
2025-01-07 01:00:00;Maschine_08;11,24;Produktion;102;2;61,3
2025-01-07 02:00:00;Maschine_08;10,46;Produktion;108;2;61,8
2025-01-07 03:00:00;Maschine_08;10,48;Produktion;106;2;69,4
2025-01-07 04:00:00;Maschine_08;12,37;Produktion;108;2;71,6
2025-01-07 05:00:00;Maschine_08;11,08;Produktion;104;2;62,0
2025-01-01 00:00:00;Maschine_09;17,92;Produktion;98;3;62,8
2025-01-01 01:00:00;Maschine_09;18,46;Produktion;98;3;67,2
2025-01-01 02:00:00;Maschine_09;17,06;Produktion;98;3;64,0
2025-01-01 03:00:00;Maschine_09;14,63;Produktion;104;2;72,8
2025-01-01 04:00:00;Maschine_09;14,24;Produktion;99;2;64,4
2025-01-01 05:00:00;Maschine_09;18,91;Produktion;105;3;70,0
2025-01-01 06:00:00;Maschine_09;17,07;Produktion;104;3;64,5
2025-01-01 07:00:00;Maschine_09;16,28;Produktion;96;2;69,7
2025-01-01 08:00:00;Maschine_09;15,78;Produktion;96;2;69,0
2025-01-01 09:00:00;Maschine_09;15,5;Produktion;101;2;62,3
2025-01-01 10:00:00;Maschine_09;19,64;Produktion;99;3;67,5
2025-01-01 11:00:00;Maschine_09;15,48;Produktion;92;2;67,9
2025-01-01 12:00:00;Maschine_09;15,95;Produktion;109;3;70,0
2025-01-01 13:00:00;Maschine_09;15,62;Produktion;94;2;64,2
2025-01-01 14:00:00;Maschine_09;16,74;Produktion;107;3;65,0
2025-01-01 15:00:00;Maschine_09;15,39;Produktion;105;3;71,2
2025-01-01 16:00:00;Maschine_09;15,18;Produktion;95;2;69,6
2025-01-01 17:00:00;Maschine_09;17,73;Produktion;104;3;71,5
2025-01-01 18:00:00;Maschine_09;16,86;Produktion;109;3;69,6
2025-01-01 19:00:00;Maschine_09;16,18;Produktion;108;3;69,6
2025-01-01 20:00:00;Maschine_09;17,24;Produktion;98;3;71,3
2025-01-01 21:00:00;Maschine_09;16,78;Produktion;108;3;68,9
2025-01-01 22:00:00;Maschine_09;17,01;Produktion;92;2;67,0
2025-01-01 23:00:00;Maschine_09;15,92;Produktion;96;2;64,0
2025-01-02 00:00:00;Maschine_09;16,9;Produktion;103;3;72,9
2025-01-02 01:00:00;Maschine_09;18,05;Produktion;90;2;64,1
2025-01-02 02:00:00;Maschine_09;15,95;Produktion;105;3;74,0
2025-01-02 03:00:00;Maschine_09;17,03;Produktion;109;3;70,5
2025-01-02 04:00:00;Maschine_09;17,77;Produktion;95;3;71,4
2025-01-02 05:00:00;Maschine_09;18,8;Produktion;99;3;66,8
2025-01-02 06:00:00;Maschine_09;17,6;Produktion;102;3;71,2
2025-01-02 07:00:00;Maschine_09;15,48;Produktion;101;2;68,3
2025-01-02 08:00:00;Maschine_09;17,01;Produktion;104;3;64,6
2025-01-02 09:00:00;Maschine_09;14,88;Produktion;96;2;67,8
2025-01-02 10:00:00;Maschine_09;17,02;Produktion;101;3;69,0
2025-01-02 11:00:00;Maschine_09;16,38;Produktion;101;3;67,0
2025-01-02 12:00:00;Maschine_09;18,88;Produktion;95;3;58,7
2025-01-02 13:00:00;Maschine_09;15,49;Produktion;91;2;68,0
2025-01-02 14:00:00;Maschine_09;16,22;Produktion;96;2;68,2
2025-01-02 15:00:00;Maschine_09;15,1;Produktion;91;2;74,2
2025-01-02 16:00:00;Maschine_09;14,93;Produktion;90;2;70,5
2025-01-02 17:00:00;Maschine_09;14,39;Produktion;109;3;62,5
2025-01-02 18:00:00;Maschine_09;17,3;Produktion;91;2;70,5
2025-01-02 19:00:00;Maschine_09;17,94;Produktion;95;3;73,2
2025-01-02 20:00:00;Maschine_09;18,92;Produktion;109;3;75,2
2025-01-02 21:00:00;Maschine_09;17,41;Produktion;101;3;71,4
2025-01-02 22:00:00;Maschine_09;14,97;Produktion;105;3;73,1
2025-01-02 23:00:00;Maschine_09;17,09;Produktion;93;2;66,6
2025-01-03 00:00:00;Maschine_09;15,84;Produktion;97;2;72,4
2025-01-03 01:00:00;Maschine_09;20,3;Produktion;102;3;62,9
2025-01-03 02:00:00;Maschine_09;15,59;Produktion;102;3;70,6
2025-01-03 03:00:00;Maschine_09;16,3;Produktion;100;3;70,7
2025-01-03 04:00:00;Maschine_09;17,16;Produktion;95;2;67,6
2025-01-03 05:00:00;Maschine_09;16,87;Produktion;90;2;68,5
2025-01-03 06:00:00;Maschine_09;19,29;Produktion;91;3;65,4
2025-01-03 07:00:00;Maschine_09;15,36;Produktion;99;2;64,5
2025-01-03 08:00:00;Maschine_09;18,95;Produktion;106;3;71,8
2025-01-03 09:00:00;Maschine_09;15,37;Produktion;107;3;60,9
2025-01-03 10:00:00;Maschine_09;18,43;Produktion;97;3;68,6
2025-01-03 11:00:00;Maschine_09;17,95;Produktion;104;3;76,3
2025-01-03 12:00:00;Maschine_09;13,62;Produktion;102;2;70,0
2025-01-03 13:00:00;Maschine_09;18,45;Produktion;90;2;63,1
2025-01-03 14:00:00;Maschine_09;18,18;Produktion;91;2;66,0
2025-01-03 15:00:00;Maschine_09;16,33;Produktion;99;3;70,6
2025-01-03 16:00:00;Maschine_09;17,06;Produktion;105;3;72,5
2025-01-03 17:00:00;Maschine_09;16,54;Produktion;109;3;64,2
2025-01-03 18:00:00;Maschine_09;15,27;Produktion;92;2;64,1
2025-01-03 19:00:00;Maschine_09;14,4;Produktion;96;2;75,4
2025-01-03 20:00:00;Maschine_09;14,94;Produktion;101;2;69,1
2025-01-03 21:00:00;Maschine_09;16,97;Produktion;109;3;64,6
2025-01-03 22:00:00;Maschine_09;16,24;Produktion;101;3;68,1
2025-01-03 23:00:00;Maschine_09;16,87;Produktion;98;3;60,3
2025-01-04 00:00:00;Maschine_09;16,66;Produktion;94;2;69,1
2025-01-04 01:00:00;Maschine_09;16,98;Produktion;96;2;62,2
2025-01-04 02:00:00;Maschine_09;19,98;Produktion;97;3;63,6
2025-01-04 03:00:00;Maschine_09;17,33;Produktion;109;3;65,8
2025-01-04 04:00:00;Maschine_09;16,06;Produktion;96;2;64,2
2025-01-04 05:00:00;Maschine_09;15,71;Produktion;107;3;62,6
2025-01-04 06:00:00;Maschine_09;17,49;Produktion;107;3;65,1
2025-01-04 07:00:00;Maschine_09;18,67;Produktion;102;3;77,6
2025-01-04 08:00:00;Maschine_09;15,42;Produktion;92;2;67,6
2025-01-04 09:00:00;Maschine_09;14,78;Produktion;93;2;69,5
2025-01-04 10:00:00;Maschine_09;18,43;Produktion;93;3;74,4
2025-01-04 11:00:00;Maschine_09;15,61;Produktion;93;2;71,4
2025-01-04 12:00:00;Maschine_09;15,29;Produktion;108;3;65,4
2025-01-04 13:00:00;Maschine_09;17,93;Produktion;91;2;71,5
2025-01-04 14:00:00;Maschine_09;15,4;Produktion;98;2;65,3
2025-01-04 15:00:00;Maschine_09;14,26;Produktion;94;2;65,7
2025-01-04 16:00:00;Maschine_09;16,67;Produktion;93;2;68,6
2025-01-04 17:00:00;Maschine_09;17,22;Produktion;108;3;65,0
2025-01-04 18:00:00;Maschine_09;16,92;Produktion;96;2;69,3
2025-01-04 19:00:00;Maschine_09;17,01;Produktion;91;2;64,9
2025-01-04 20:00:00;Maschine_09;14,68;Produktion;107;3;74,9
2025-01-04 21:00:00;Maschine_09;20,46;Produktion;96;3;68,1
2025-01-04 22:00:00;Maschine_09;15,66;Produktion;92;2;65,8
2025-01-04 23:00:00;Maschine_09;16,39;Produktion;98;2;68,4
2025-01-05 00:00:00;Maschine_09;19,53;Produktion;104;3;70,9
2025-01-05 01:00:00;Maschine_09;14,5;Produktion;90;2;68,0
2025-01-05 02:00:00;Maschine_09;13,65;Produktion;97;2;65,3
2025-01-05 03:00:00;Maschine_09;16,02;Produktion;97;2;69,2
2025-01-05 04:00:00;Maschine_09;13,64;Produktion;98;2;68,9
2025-01-05 05:00:00;Maschine_09;16,7;Produktion;91;2;77,3
2025-01-05 06:00:00;Maschine_09;15,08;Produktion;92;2;70,1
2025-01-05 07:00:00;Maschine_09;15,78;Produktion;100;2;68,2
2025-01-05 08:00:00;Maschine_09;17,26;Produktion;93;2;71,1
2025-01-05 09:00:00;Maschine_09;17,04;Produktion;96;3;66,2
2025-01-05 10:00:00;Maschine_09;15,7;Produktion;107;3;59,5
2025-01-05 11:00:00;Maschine_09;16,53;Produktion;108;3;66,2
2025-01-05 12:00:00;Maschine_09;19,4;Produktion;90;3;64,4
2025-01-05 13:00:00;Maschine_09;16,78;Produktion;98;3;62,8
2025-01-05 14:00:00;Maschine_09;17,68;Produktion;103;3;66,6
2025-01-05 15:00:00;Maschine_09;15,12;Produktion;95;2;69,6
2025-01-05 16:00:00;Maschine_09;15,28;Produktion;94;2;68,9
2025-01-05 17:00:00;Maschine_09;17,66;Produktion;99;3;67,0
2025-01-05 18:00:00;Maschine_09;16,4;Produktion;100;3;67,5
2025-01-05 19:00:00;Maschine_09;15,04;Produktion;90;2;73,1
2025-01-05 20:00:00;Maschine_09;16,31;Produktion;90;2;65,3
2025-01-05 21:00:00;Maschine_09;15,78;Produktion;99;2;57,5
2025-01-05 22:00:00;Maschine_09;15,76;Produktion;108;3;65,8
2025-01-05 23:00:00;Maschine_09;16,77;Produktion;103;3;74,6
2025-01-06 00:00:00;Maschine_09;15,81;Produktion;98;2;68,8
2025-01-06 01:00:00;Maschine_09;14,23;Produktion;101;2;70,6
2025-01-06 02:00:00;Maschine_09;16,03;Produktion;104;3;68,9
2025-01-06 03:00:00;Maschine_09;14,2;Produktion;109;3;64,6
2025-01-06 04:00:00;Maschine_09;15,35;Produktion;103;3;67,8
2025-01-06 05:00:00;Maschine_09;17,14;Produktion;95;2;67,0
2025-01-06 06:00:00;Maschine_09;15,52;Produktion;92;2;73,3
2025-01-06 07:00:00;Maschine_09;15,37;Produktion;103;3;64,8
2025-01-06 08:00:00;Maschine_09;17,52;Produktion;103;3;74,1
2025-01-06 09:00:00;Maschine_09;13,95;Produktion;104;2;69,5
2025-01-06 10:00:00;Maschine_09;14,43;Produktion;109;3;68,0
2025-01-06 11:00:00;Maschine_09;15,34;Produktion;101;2;72,4
2025-01-06 12:00:00;Maschine_09;16,4;Produktion;108;3;74,8
2025-01-06 13:00:00;Maschine_09;17,11;Produktion;101;3;66,4
2025-01-06 14:00:00;Maschine_09;16,23;Produktion;106;3;65,9
2025-01-06 15:00:00;Maschine_09;16,17;Produktion;97;2;69,6
2025-01-06 16:00:00;Maschine_09;15,39;Produktion;104;3;64,1
2025-01-06 17:00:00;Maschine_09;19,89;Produktion;100;3;66,8
2025-01-06 18:00:00;Maschine_09;16,31;Produktion;103;3;61,7
2025-01-06 19:00:00;Maschine_09;15,3;Produktion;109;3;63,5
2025-01-06 20:00:00;Maschine_09;14,77;Produktion;103;2;63,7
2025-01-06 21:00:00;Maschine_09;16,11;Produktion;108;3;68,0
2025-01-06 22:00:00;Maschine_09;15,55;Produktion;106;3;59,1
2025-01-06 23:00:00;Maschine_09;20,55;Produktion;95;3;71,9
2025-01-07 00:00:00;Maschine_09;16,25;Produktion;90;2;65,2
2025-01-07 01:00:00;Maschine_09;15,88;Produktion;99;2;64,6
2025-01-07 02:00:00;Maschine_09;14,77;Produktion;109;3;66,2
2025-01-07 03:00:00;Maschine_09;18,45;Produktion;100;3;68,5
2025-01-07 04:00:00;Maschine_09;17,09;Produktion;94;2;63,8
2025-01-07 05:00:00;Maschine_09;16,1;Produktion;94;2;69,8
2025-01-01 00:00:00;Maschine_10;10,54;Produktion;102;2;65,5
2025-01-01 01:00:00;Maschine_10;10,24;Produktion;96;2;65,0
2025-01-01 02:00:00;Maschine_10;9,67;Produktion;108;2;69,2
2025-01-01 03:00:00;Maschine_10;12,31;Produktion;97;2;67,1
2025-01-01 04:00:00;Maschine_10;12,0;Produktion;93;2;65,6
2025-01-01 05:00:00;Maschine_10;9,62;Produktion;108;2;68,5
2025-01-01 06:00:00;Maschine_10;10,59;Produktion;103;2;58,1
2025-01-01 07:00:00;Maschine_10;10,19;Produktion;100;2;62,5
2025-01-01 08:00:00;Maschine_10;10,67;Produktion;98;2;66,1
2025-01-01 09:00:00;Maschine_10;13,12;Produktion;104;2;71,0
2025-01-01 10:00:00;Maschine_10;11,91;Produktion;102;2;71,6
2025-01-01 11:00:00;Maschine_10;10,72;Produktion;95;2;68,7
2025-01-01 12:00:00;Maschine_10;10,26;Produktion;100;2;68,5
2025-01-01 13:00:00;Maschine_10;12,14;Produktion;93;2;68,7
2025-01-01 14:00:00;Maschine_10;12,58;Produktion;108;2;73,1
2025-01-01 15:00:00;Maschine_10;11,62;Produktion;103;2;69,6
2025-01-01 16:00:00;Maschine_10;8,77;Produktion;90;1;63,9
2025-01-01 17:00:00;Maschine_10;9,11;Produktion;97;2;77,9
2025-01-01 18:00:00;Maschine_10;11,85;Produktion;107;2;60,3
2025-01-01 19:00:00;Maschine_10;11,71;Produktion;104;2;70,2
2025-01-01 20:00:00;Maschine_10;11,84;Produktion;102;2;57,0
2025-01-01 21:00:00;Maschine_10;11,37;Produktion;100;2;68,0
2025-01-01 22:00:00;Maschine_10;10,39;Produktion;93;2;69,6
2025-01-01 23:00:00;Maschine_10;9,92;Produktion;108;2;73,1
2025-01-02 00:00:00;Maschine_10;9,99;Produktion;93;2;67,6
2025-01-02 01:00:00;Maschine_10;10,82;Produktion;99;2;67,3
2025-01-02 02:00:00;Maschine_10;15,0;Produktion;108;3;72,6
2025-01-02 03:00:00;Maschine_10;10,73;Produktion;106;2;60,5
2025-01-02 04:00:00;Maschine_10;10,51;Produktion;93;2;65,8
2025-01-02 05:00:00;Maschine_10;9,67;Produktion;101;2;59,3
2025-01-02 06:00:00;Maschine_10;11,94;Produktion;97;2;67,5
2025-01-02 07:00:00;Maschine_10;10,82;Produktion;94;2;66,1
2025-01-02 08:00:00;Maschine_10;11,97;Produktion;105;2;61,0
2025-01-02 09:00:00;Maschine_10;13,41;Produktion;106;2;72,2
2025-01-02 10:00:00;Maschine_10;10,1;Produktion;108;2;65,7
2025-01-02 11:00:00;Maschine_10;10,37;Produktion;104;2;65,4
2025-01-02 12:00:00;Maschine_10;10,6;Produktion;109;2;66,9
2025-01-02 13:00:00;Maschine_10;11,87;Produktion;97;2;64,6
2025-01-02 14:00:00;Maschine_10;8,22;Produktion;108;2;61,3
2025-01-02 15:00:00;Maschine_10;12,47;Produktion;92;2;72,4
2025-01-02 16:00:00;Maschine_10;9,2;Produktion;99;2;69,0
2025-01-02 17:00:00;Maschine_10;10,88;Produktion;108;2;64,2
2025-01-02 18:00:00;Maschine_10;10,41;Produktion;94;2;74,3
2025-01-02 19:00:00;Maschine_10;11,8;Produktion;93;2;67,8
2025-01-02 20:00:00;Maschine_10;11,75;Produktion;95;2;69,7
2025-01-02 21:00:00;Maschine_10;9,91;Produktion;101;2;67,2
2025-01-02 22:00:00;Maschine_10;12,68;Produktion;90;2;68,0
2025-01-02 23:00:00;Maschine_10;12,2;Produktion;94;2;66,8
2025-01-03 00:00:00;Maschine_10;10,0;Produktion;94;2;70,0
2025-01-03 01:00:00;Maschine_10;9,34;Produktion;108;2;68,7
2025-01-03 02:00:00;Maschine_10;10,58;Produktion;108;2;71,9
2025-01-03 03:00:00;Maschine_10;9,64;Produktion;91;2;67,5
2025-01-03 04:00:00;Maschine_10;10,7;Produktion;101;2;70,3
2025-01-03 05:00:00;Maschine_10;10,82;Produktion;102;2;65,0
2025-01-03 06:00:00;Maschine_10;9,89;Produktion;100;2;64,4
2025-01-03 07:00:00;Maschine_10;7,96;Produktion;98;1;66,1
2025-01-03 08:00:00;Maschine_10;10,76;Produktion;103;2;65,3
2025-01-03 09:00:00;Maschine_10;10,18;Produktion;100;2;63,8
2025-01-03 10:00:00;Maschine_10;10,42;Produktion;100;2;71,2
2025-01-03 11:00:00;Maschine_10;13,27;Produktion;98;2;68,5
2025-01-03 12:00:00;Maschine_10;11,58;Produktion;109;2;71,2
2025-01-03 13:00:00;Maschine_10;10,3;Produktion;104;2;68,0
2025-01-03 14:00:00;Maschine_10;9,09;Produktion;93;1;62,9
2025-01-03 15:00:00;Maschine_10;11,15;Produktion;93;2;68,3
2025-01-03 16:00:00;Maschine_10;10,57;Produktion;90;2;67,0
2025-01-03 17:00:00;Maschine_10;11,29;Produktion;108;2;55,8
2025-01-03 18:00:00;Maschine_10;12,0;Produktion;105;2;63,5
2025-01-03 19:00:00;Maschine_10;11,57;Produktion;98;2;63,7
2025-01-03 20:00:00;Maschine_10;9,36;Produktion;98;2;66,6
2025-01-03 21:00:00;Maschine_10;11,82;Produktion;107;2;67,8
2025-01-03 22:00:00;Maschine_10;7,91;Produktion;106;2;63,7
2025-01-03 23:00:00;Maschine_10;12,28;Produktion;105;2;60,1
2025-01-04 00:00:00;Maschine_10;8,65;Produktion;90;1;72,5
2025-01-04 01:00:00;Maschine_10;11,51;Produktion;91;2;60,8
2025-01-04 02:00:00;Maschine_10;14,21;Produktion;101;2;71,7
2025-01-04 03:00:00;Maschine_10;9,05;Produktion;96;2;63,3
2025-01-04 04:00:00;Maschine_10;13,63;Produktion;108;2;77,6
2025-01-04 05:00:00;Maschine_10;9,17;Produktion;90;1;62,8
2025-01-04 06:00:00;Maschine_10;11,79;Produktion;94;2;68,5
2025-01-04 07:00:00;Maschine_10;10,84;Produktion;99;2;72,4
2025-01-04 08:00:00;Maschine_10;8,05;Produktion;95;1;59,9
2025-01-04 09:00:00;Maschine_10;11,9;Produktion;97;2;64,4
2025-01-04 10:00:00;Maschine_10;11,48;Produktion;106;2;64,9
2025-01-04 11:00:00;Maschine_10;12,96;Produktion;104;2;58,0
2025-01-04 12:00:00;Maschine_10;10,79;Produktion;91;2;63,8
2025-01-04 13:00:00;Maschine_10;10,2;Produktion;95;2;68,0
2025-01-04 14:00:00;Maschine_10;13,94;Produktion;103;2;68,6
2025-01-04 15:00:00;Maschine_10;13,44;Produktion;93;2;73,2
2025-01-04 16:00:00;Maschine_10;10,77;Produktion;105;2;65,1
2025-01-04 17:00:00;Maschine_10;10,16;Produktion;107;2;68,6
2025-01-04 18:00:00;Maschine_10;11,46;Produktion;93;2;63,1
2025-01-04 19:00:00;Maschine_10;11,33;Produktion;103;2;71,3
2025-01-04 20:00:00;Maschine_10;8,45;Produktion;97;1;64,6
2025-01-04 21:00:00;Maschine_10;13,48;Produktion;99;2;72,4
2025-01-04 22:00:00;Maschine_10;7,98;Produktion;97;1;65,0
2025-01-04 23:00:00;Maschine_10;10,45;Produktion;98;2;64,3
2025-01-05 00:00:00;Maschine_10;9,15;Produktion;97;2;63,9
2025-01-05 01:00:00;Maschine_10;10,25;Produktion;96;2;67,0
2025-01-05 02:00:00;Maschine_10;8,98;Produktion;102;2;71,0
2025-01-05 03:00:00;Maschine_10;12,79;Produktion;103;2;70,3
2025-01-05 04:00:00;Maschine_10;10,08;Produktion;105;2;67,2
2025-01-05 05:00:00;Maschine_10;11,63;Produktion;98;2;71,8
2025-01-05 06:00:00;Maschine_10;11,91;Produktion;109;2;62,7
2025-01-05 07:00:00;Maschine_10;10,88;Produktion;90;2;62,1
2025-01-05 08:00:00;Maschine_10;10,85;Produktion;96;2;64,3
2025-01-05 09:00:00;Maschine_10;12,56;Produktion;91;2;73,8
2025-01-05 10:00:00;Maschine_10;11,05;Produktion;100;2;68,8
2025-01-05 11:00:00;Maschine_10;11,54;Produktion;96;2;65,1
2025-01-05 12:00:00;Maschine_10;13,49;Produktion;100;2;69,0
2025-01-05 13:00:00;Maschine_10;8,12;Produktion;104;2;61,1
2025-01-05 14:00:00;Maschine_10;9,18;Produktion;108;2;65,0
2025-01-05 15:00:00;Maschine_10;10,63;Produktion;105;2;65,5
2025-01-05 16:00:00;Maschine_10;10,63;Produktion;101;2;72,3
2025-01-05 17:00:00;Maschine_10;11,79;Produktion;90;2;63,1
2025-01-05 18:00:00;Maschine_10;9,87;Produktion;102;2;73,5
2025-01-05 19:00:00;Maschine_10;9,59;Produktion;101;2;69,3
2025-01-05 20:00:00;Maschine_10;9,23;Produktion;94;2;67,6
2025-01-05 21:00:00;Maschine_10;10,46;Produktion;104;2;70,0
2025-01-05 22:00:00;Maschine_10;9,51;Produktion;107;2;66,9
2025-01-05 23:00:00;Maschine_10;12,26;Produktion;97;2;64,0
2025-01-06 00:00:00;Maschine_10;10,01;Produktion;95;2;63,5
2025-01-06 01:00:00;Maschine_10;11,7;Produktion;98;2;65,5
2025-01-06 02:00:00;Maschine_10;11,16;Produktion;107;2;66,4
2025-01-06 03:00:00;Maschine_10;7,62;Produktion;96;1;58,2
2025-01-06 04:00:00;Maschine_10;9,98;Produktion;90;2;59,2
2025-01-06 05:00:00;Maschine_10;11,65;Produktion;93;2;69,2
2025-01-06 06:00:00;Maschine_10;11,65;Produktion;106;2;62,2
2025-01-06 07:00:00;Maschine_10;10,95;Produktion;93;2;67,2
2025-01-06 08:00:00;Maschine_10;12,59;Produktion;106;2;63,8
2025-01-06 09:00:00;Maschine_10;10,14;Produktion;99;2;71,1
2025-01-06 10:00:00;Maschine_10;11,76;Produktion;106;2;63,0
2025-01-06 11:00:00;Maschine_10;10,65;Produktion;99;2;68,9
2025-01-06 12:00:00;Maschine_10;12,8;Produktion;95;2;71,3
2025-01-06 13:00:00;Maschine_10;9,08;Produktion;93;1;73,5
2025-01-06 14:00:00;Maschine_10;11,13;Produktion;99;2;76,7
2025-01-06 15:00:00;Maschine_10;12,34;Produktion;97;2;71,0
2025-01-06 16:00:00;Maschine_10;12,11;Produktion;100;2;67,3
2025-01-06 17:00:00;Maschine_10;13,16;Produktion;107;2;71,7
2025-01-06 18:00:00;Maschine_10;11,02;Produktion;94;2;73,6
2025-01-06 19:00:00;Maschine_10;7,53;Produktion;105;2;71,6
2025-01-06 20:00:00;Maschine_10;10,82;Produktion;100;2;68,9
2025-01-06 21:00:00;Maschine_10;13,15;Produktion;100;2;62,9
2025-01-06 22:00:00;Maschine_10;11,95;Produktion;92;2;65,3
2025-01-06 23:00:00;Maschine_10;9,76;Produktion;109;2;65,6
2025-01-07 00:00:00;Maschine_10;11,95;Produktion;105;2;71,0
2025-01-07 01:00:00;Maschine_10;11,73;Produktion;99;2;65,6
2025-01-07 02:00:00;Maschine_10;9,68;Produktion;92;2;70,2
2025-01-07 03:00:00;Maschine_10;10,5;Produktion;106;2;71,2
2025-01-07 04:00:00;Maschine_10;11,17;Produktion;93;2;65,1
2025-01-07 05:00:00;Maschine_10;10,36;Produktion;101;2;67,5
